time_days,flux_norm
131.513046,0.999972
131.533480,1.000028
131.553914,0.999769
131.574349,1.000031
131.594783,1.000199
131.615217,0.999614
131.635652,0.994532
131.656086,0.991204
131.676520,0.990757
131.696955,0.990562
131.717389,0.990895
131.737823,0.994644
131.758258,0.999764
131.778692,0.999855
131.799126,1.000008
131.819561,0.999823
131.839995,0.999914
131.860429,0.999945
131.880863,1.000049
131.901298,0.999930
131.921732,1.002703
131.942166,1.000022
131.962601,0.999980
131.983035,1.000255
132.003469,1.000091
132.023904,0.999807
132.044338,1.000142
132.064772,0.999753
132.085207,1.000320
132.105641,0.999992
132.126075,0.999710
132.146510,1.000038
132.166944,1.000001
132.187378,0.999913
132.207813,0.999745
132.228247,0.999467
132.248681,0.999629
132.269116,1.000141
132.289550,0.999767
132.309984,1.000139
132.330419,1.000091
132.350853,1.000055
132.371287,0.999891
132.391721,0.999929
132.412156,1.000208
132.432590,0.999831
132.453024,0.999966
132.473459,0.999755
132.493893,0.999965
132.514327,0.999936
132.534762,1.000159
132.555196,1.000034
132.575630,1.000198
132.596065,1.000088
132.616499,1.000217
132.636933,0.999715
132.657368,0.999912
132.677802,1.000194
132.698236,0.999902
132.718671,1.000103
132.739105,1.000173
132.759539,0.999720
132.779974,1.000359
132.800408,1.000002
132.820842,0.999983
132.841277,1.000003
132.861711,0.999970
132.882145,0.999712
132.902579,0.999914
132.923014,0.999909
132.943448,0.999766
132.963882,1.000482
132.984317,0.999839
133.004751,0.999891
133.025185,0.998221
133.045620,0.997827
133.066054,0.997999
133.086488,0.997668
133.106923,0.998282
133.127357,0.997971
133.147791,0.997745
133.168225,0.998045
133.188660,0.999998
133.209094,0.999786
133.229528,0.999943
133.249963,0.999847
133.270397,1.000569
133.290831,0.999938
133.311266,1.000004
133.331700,0.999768
133.352134,0.999927
133.372569,0.999879
133.393003,1.000198
133.413437,0.999666
133.433872,0.999903
133.454306,1.000596
133.474740,1.000213
133.495175,1.000141
133.515609,1.000196
133.536043,1.000082
133.556477,0.999823
133.576912,1.000056
133.597346,1.000248
133.617780,0.999637
133.638215,1.000300
133.658649,0.999889
133.679083,1.000042
133.699518,0.999925
133.719952,0.999914
133.740386,0.999902
133.760821,1.000031
133.781255,0.999921
133.801689,1.000023
133.822123,0.999971
133.842558,1.000103
133.862992,1.000131
133.883426,1.000014
133.903861,0.999829
133.924295,0.999961
133.944729,1.000046
133.965164,0.999929
133.985598,0.999738
134.006032,0.999825
134.026467,0.999822
134.046901,1.000038
134.067335,0.999846
134.087769,1.000132
134.108204,0.999762
134.128638,1.000119
134.149072,1.000017
134.169507,0.999753
134.189941,0.999886
134.210375,1.000015
134.230810,0.999937
134.251244,1.000073
134.271678,0.999853
134.292113,0.999628
134.312547,1.000026
134.332981,1.000059
134.353415,1.000311
134.373850,0.999856
134.414718,0.999543
134.435153,0.999750
134.455587,1.000241
134.476021,1.000101
134.496456,1.000008
134.516890,1.000026
134.537324,1.000322
134.557758,1.000342
134.578193,1.000122
134.598627,1.000354
134.619061,1.000210
134.639496,1.000174
134.659930,0.999817
134.680364,1.000380
134.700799,1.000263
134.721233,1.000223
134.741667,1.000038
134.762101,0.999965
134.782536,0.999535
134.802970,1.000005
134.823404,1.000099
134.843839,1.000207
134.864273,0.999927
134.884707,0.999832
134.905142,1.000107
134.925576,1.000302
134.946010,0.999713
134.966445,1.000124
134.986879,1.000461
135.007313,1.000257
135.027747,0.999946
135.048182,1.000136
135.068616,1.000121
135.089050,0.999938
135.109485,1.000146
135.129919,1.000031
135.150353,0.997161
135.170788,0.991949
135.191222,0.991033
135.211656,0.990453
135.232090,0.991031
135.252525,0.992436
135.272959,0.998191
135.293393,0.999673
135.313828,1.000154
135.334262,0.999682
135.354696,0.999870
135.375130,0.999866
135.395565,1.000079
135.415999,0.999438
135.436433,0.999582
135.456868,0.999878
135.477302,0.999795
135.497736,0.999783
135.518171,1.000090
135.538605,0.999971
135.559039,0.999522
135.579473,0.999753
135.599908,0.999619
135.620342,0.999686
135.640776,0.999701
135.661211,0.999559
135.681645,0.999760
135.702079,0.999980
135.722513,0.999826
135.742948,0.999804
135.763382,0.999763
135.783816,0.999872
135.804251,1.000138
135.824685,0.999763
135.845119,0.999693
135.865554,0.999785
135.885988,0.999772
135.906422,1.000037
135.926856,0.999789
135.947291,0.999741
135.967725,0.999820
135.988159,0.999834
136.008593,1.000017
136.029028,0.999872
136.049462,1.000334
136.069896,0.999775
136.090331,0.999693
136.110765,0.999725
136.131199,0.999905
136.151634,0.999781
136.172068,0.999898
136.192502,1.000529
136.212936,0.999604
136.233371,1.000675
136.253805,0.999981
136.274239,0.999908
136.294674,0.999897
136.315108,1.000022
136.335542,0.999883
136.355976,1.000181
136.376411,0.999815
136.396845,1.000404
136.417279,1.000257
136.437714,0.999630
136.458148,0.999674
136.478582,1.000020
136.499017,0.999990
136.519451,0.999890
136.539885,0.999635
136.560319,0.999660
136.580754,1.000279
136.601188,1.000271
136.621622,1.000000
136.642057,1.000144
136.662491,0.999863
136.682925,1.000020
136.703359,1.000142
136.723794,0.999619
136.744228,1.000552
136.764662,0.999986
136.785097,0.999697
136.805531,0.999912
136.825965,0.999841
136.846399,1.000145
136.866834,1.000141
136.887268,1.000230
136.907702,1.000225
136.928137,1.000311
136.948571,0.999894
136.969005,1.000011
136.989439,0.999899
137.009874,0.999960
137.030308,1.000143
137.050742,0.999828
137.071176,0.999770
137.091611,0.999923
137.112045,0.999855
137.132479,1.000330
137.152914,1.000168
137.173348,0.999826
137.193782,0.999736
137.214216,0.999885
137.234651,1.000046
137.255085,0.999726
137.275519,1.000008
137.295954,0.999982
137.316388,0.999809
137.336822,1.000032
137.357256,0.999959
137.398125,1.000058
137.418559,0.999932
137.438994,1.000235
137.459428,1.000380
137.479862,1.000263
137.500296,1.000138
137.520731,1.000278
137.541165,1.000201
137.561599,1.000145
137.582033,1.000081
137.602468,0.999891
137.622902,1.000156
137.643336,1.000152
137.663771,0.999990
137.684205,1.000230
137.704639,1.000258
137.725073,1.000373
137.745508,1.000590
137.765942,1.000205
137.786376,1.000300
137.806811,1.000330
137.827245,1.000375
137.847679,0.999600
137.868113,1.000603
137.888548,0.999877
137.908982,1.000246
137.929416,1.000300
137.949851,1.000586
137.970285,1.000014
137.990719,1.000485
138.011153,0.999937
138.031588,0.999955
138.052022,1.000058
138.072456,1.000154
138.092890,1.000291
138.113325,1.000499
138.133759,1.000014
138.154193,1.000411
138.174628,1.000414
138.195062,1.000412
138.215496,1.000238
138.235930,1.000199
138.256365,1.000430
138.276799,1.000224
138.297233,1.000266
138.317667,1.000631
138.338102,1.000237
138.358536,0.999953
138.378970,1.000298
138.399405,1.000242
138.419839,0.999905
138.440273,1.000195
138.460707,0.999839
138.481142,1.000295
138.501576,0.999883
138.522010,1.000319
138.542444,1.000017
138.562879,1.000592
138.583313,1.000056
138.603747,0.999855
138.624182,1.000058
138.644616,1.000093
138.665050,0.999426
138.685484,0.993601
138.705919,0.991065
138.726353,0.990707
138.746787,0.990682
138.767221,0.991471
138.787656,0.995976
138.808090,1.000100
138.828524,0.999978
138.848958,0.999778
138.869393,0.999950
138.889827,0.999563
138.910261,1.000058
138.930696,0.999980
138.951130,0.999647
138.971564,0.999592
138.991998,0.999899
139.012433,1.000170
139.032867,0.999645
139.053301,0.999865
139.073736,0.999394
139.094170,0.999908
139.114604,0.999640
139.135038,0.999903
139.155473,1.000085
139.175907,0.999753
139.196341,0.999906
139.216775,1.000081
139.237210,1.000368
139.257644,0.999903
139.278078,0.999880
139.298512,0.999886
139.318947,1.000099
139.339381,0.999822
139.359815,0.999967
139.380249,0.999729
139.400684,0.999687
139.421118,0.999818
139.441552,0.999964
139.461987,1.000489
139.482421,1.000151
139.502855,1.000065
139.523289,1.000299
139.543723,1.000359
139.564158,0.999816
139.584592,1.000243
139.605026,1.000197
139.625461,1.000165
139.645895,1.000000
139.666329,1.000175
139.686763,0.999919
139.707198,1.000328
139.727632,0.999966
139.748066,1.000035
139.768500,1.000075
139.788935,1.000268
139.809369,1.000159
139.829803,0.999962
139.850237,0.999998
139.870672,0.999520
139.891106,0.999890
139.911540,1.000024
139.931974,0.999734
139.952409,0.999597
139.972843,0.999925
139.993277,0.999465
140.013711,0.999990
140.034146,1.000240
140.054580,0.999527
140.075014,0.999667
140.095449,0.999557
140.115883,0.999647
140.136317,0.999900
140.156751,0.999743
140.177186,0.999860
140.197620,1.000038
140.218054,0.999963
140.238488,0.999604
140.258923,0.999748
140.279357,0.999599
140.299791,0.999897
140.320225,0.999796
140.340660,0.999889
140.381528,0.999843
140.401962,1.000355
140.422397,0.999908
140.442831,0.999747
140.463265,0.999770
140.483699,0.999751
140.504134,0.999868
140.524568,1.000114
140.545002,0.999914
140.565436,0.999949
140.585871,0.999834
140.606305,0.999976
140.626739,1.000004
140.647173,1.000365
140.667608,0.999814
140.688042,1.000168
140.708476,1.000105
140.728910,0.999697
140.749345,1.000086
140.769779,1.000047
140.790213,1.000351
140.810647,1.000058
140.831082,1.000314
140.851516,1.000445
140.871950,1.000176
140.892384,1.000135
140.912819,1.000332
140.933253,0.999828
140.953687,1.000337
140.974122,1.000181
140.994556,0.999914
141.014990,0.999823
141.035424,1.000093
141.055858,0.999732
141.076293,0.999879
141.096727,0.999803
141.117161,1.000284
141.137595,0.999981
141.158030,1.000157
141.178464,0.999768
141.198898,1.000075
141.219332,1.000179
141.239767,1.000601
141.260201,1.000182
141.280635,0.999783
141.301069,1.000437
141.321504,1.000144
141.341938,1.000392
141.362372,1.000040
141.382806,1.000275
141.403241,1.000510
141.423675,1.000392
141.444109,1.000205
141.464543,0.999942
141.484978,0.999997
141.505412,0.999799
141.525846,0.999896
141.546280,1.000054
141.566715,1.000179
141.587149,1.000024
141.607583,0.999934
141.628017,1.000014
141.648452,0.999670
141.668886,0.999943
141.689320,1.000201
141.709754,0.999765
141.730189,1.000098
141.750623,1.000172
141.771057,1.000200
141.791491,1.000180
141.811926,1.000248
141.832360,1.000011
141.852794,0.999948
141.873228,1.000306
141.893663,1.000300
141.914097,1.000150
141.934531,1.000274
141.954965,0.998121
141.975399,0.998303
141.995834,0.998134
142.016268,0.998176
142.036702,0.998254
142.057136,0.998367
142.077571,0.998040
142.098005,0.998399
142.118439,1.000386
142.138873,1.000429
142.159308,1.000276
142.179742,0.999566
142.200176,0.995275
142.220610,0.991407
142.241045,0.991224
142.261479,0.991048
142.281913,0.990944
142.302347,0.993268
142.322782,0.999377
142.343216,0.999905
142.363650,0.999980
142.384084,0.999851
142.404519,0.999614
142.424953,0.999853
142.445387,1.000005
142.465821,1.000009
142.486255,0.999963
142.506690,1.000068
142.527124,1.000416
142.547558,0.999734
142.567992,1.000052
142.588427,0.999854
142.608861,1.000166
142.629295,1.000074
142.649729,1.000374
142.670164,1.000154
142.690598,1.000139
142.711032,0.999974
142.731466,0.999988
142.751900,1.000043
142.772335,1.000078
142.792769,0.999840
142.813203,0.999884
142.833637,0.999767
142.854072,0.999657
142.874506,1.000035
142.894940,0.999759
142.915374,1.000394
142.935809,1.000051
142.956243,1.000356
142.976677,1.000058
142.997111,0.999929
143.017546,1.000406
143.037980,1.000037
143.058414,0.999997
143.078848,1.000324
143.099282,1.000083
143.119717,1.000221
143.140151,1.000179
143.160585,0.999864
143.181019,0.999914
143.201454,1.000000
143.221888,1.000459
143.242322,0.999806
143.262756,0.999755
143.283191,1.000055
143.303625,0.999748
143.324059,1.000017
143.364927,1.000004
143.385362,0.999746
143.405796,1.000100
143.426230,1.000037
143.446664,0.999773
143.467099,0.999906
143.487533,1.000080
143.507967,1.000151
143.528401,0.999847
143.548836,0.999870
143.569270,0.999962
143.589704,1.000017
143.610138,0.999558
143.630572,0.999647
143.651007,0.999898
143.671441,0.999727
143.691875,0.999947
143.712309,1.000231
143.732744,0.999582
143.753178,1.000131
143.773612,0.999797
143.794046,0.999768
143.814480,0.999959
143.834915,0.999840
143.855349,0.999848
143.875783,1.000147
143.896217,0.999840
143.916652,0.999996
143.937086,0.999784
143.957520,1.000094
143.977954,1.000048
143.998388,0.999965
144.018823,0.999894
144.039257,1.000089
144.059691,0.999830
144.080125,0.999992
144.100560,1.000298
144.120994,0.999954
144.141428,0.999731
144.161862,1.000305
144.182297,1.000139
144.202731,1.000248
144.223165,0.999959
144.243599,0.999959
144.264033,1.000009
144.284468,1.000089
144.304902,1.000239
144.325336,1.000094
144.345770,0.999950
144.366204,0.999855
144.386639,1.000000
144.407073,1.000283
144.427507,0.999997
144.447941,1.000173
144.468376,1.000025
144.488810,0.999893
144.509244,1.000017
144.529678,1.000189
144.550112,1.000048
144.570547,0.999919
144.590981,1.000070
144.611415,1.000210
144.631849,1.000064
144.652283,1.000334
144.672718,1.000025
144.693152,0.999785
144.713586,1.000372
144.734020,0.999974
144.754455,0.999737
144.774889,1.000181
144.795323,1.000259
144.815757,0.999764
144.836192,1.000237
144.856626,0.999924
144.877060,1.000397
144.897494,1.000232
144.917928,0.999570
144.938362,1.000031
144.958797,0.999922
144.979231,0.999705
144.999665,1.000043
145.020099,0.999850
145.040534,0.999831
145.060968,1.000056
145.081402,0.999744
145.101836,0.999769
145.122271,0.999221
145.142705,1.000172
145.163139,1.000061
145.183573,0.999881
145.204007,0.999771
145.224442,1.000217
145.244876,0.999713
145.265310,0.999872
145.285744,0.999908
145.306178,1.000104
145.326612,1.000199
145.347047,1.000129
145.367481,1.000061
145.387915,0.999709
145.408349,0.999913
145.428784,1.000203
145.449218,1.000274
145.469652,1.000013
145.490086,1.000053
145.510520,0.999941
145.530955,1.000146
145.551389,0.999726
145.571823,1.000231
145.592257,0.999784
145.612691,1.000163
145.633126,0.999993
145.653560,1.000161
145.673994,0.999882
145.694428,1.000819
145.714863,0.998277
145.735297,0.992102
145.755731,0.990917
145.776165,0.990849
145.796599,0.991072
145.817034,0.992132
145.837468,0.997234
145.857902,0.999583
145.878336,0.999957
145.898770,1.000358
145.919205,1.000619
145.939639,0.999832
145.960073,0.999934
145.980507,0.999787
146.000941,0.999913
146.021376,0.999618
146.041810,1.000171
146.062244,0.999858
146.082678,0.999697
146.103112,1.000171
146.123547,0.999905
146.143981,0.999968
146.164415,0.999921
146.184849,0.999903
146.205283,0.999837
146.225718,0.999715
146.246152,0.999777
146.266586,0.999540
146.287020,1.000005
146.307454,0.999945
146.348323,0.999588
146.368757,1.000134
146.389191,1.000120
146.409625,0.999899
146.430060,1.000006
146.450494,1.000138
146.470928,0.999887
146.491362,0.999930
146.511796,1.000076
146.532231,1.000155
146.552665,1.000055
146.573099,0.999898
146.593533,0.999899
146.613967,0.999939
146.634402,0.999627
146.654836,1.000346
146.675270,0.999867
146.695704,1.000217
146.716138,1.000229
146.736573,0.999926
146.757007,0.999956
146.777441,0.999952
146.797875,1.000140
146.818309,0.999968
146.838744,1.000071
146.859178,0.999989
146.879612,1.000154
146.900046,1.000097
146.920480,0.999745
146.940915,0.999930
146.961349,0.999997
146.981783,0.999891
147.002217,1.000792
147.022651,0.999975
147.043086,0.999999
147.063520,1.000034
147.083954,1.000027
147.104388,0.999809
147.124822,1.000298
147.145256,0.999825
147.165691,1.000123
147.186125,0.999857
147.206559,0.999699
147.226993,0.999875
147.247427,1.000078
147.267862,0.999787
147.288296,0.999721
147.308730,0.999984
147.329164,1.000024
147.349598,0.999999
147.370033,0.999673
147.390467,1.000246
147.410901,1.000071
147.431335,0.999843
147.451769,0.999754
147.472204,1.000185
147.492638,0.999990
147.513072,0.999765
147.533506,0.999862
147.553940,0.999932
147.574374,0.999829
147.594809,0.999978
147.615243,0.999993
147.635677,0.999465
147.656111,1.000003
147.676545,1.000039
147.696980,1.000189
147.717414,1.000368
147.737848,1.000054
147.758282,1.000134
147.778716,1.000057
147.799150,1.000194
147.819585,1.000083
147.840019,0.999931
147.860453,1.000001
147.880887,0.999955
147.921756,0.999875
147.942190,0.999891
147.962624,0.999957
147.983058,0.999944
148.003492,1.000114
148.023927,1.000169
148.044361,0.999772
148.064795,1.000201
148.085229,1.000171
148.105663,0.999942
148.126097,1.000081
148.146532,1.000305
148.166966,0.999989
148.187400,1.000371
148.207834,1.000242
148.228268,1.000233
148.248703,1.000364
148.269137,1.000176
148.289571,1.000106
148.310005,1.000461
148.330439,1.000014
148.350874,1.000419
148.371308,1.000514
148.391742,1.000252
148.412176,1.000169
148.432610,1.000018
148.453044,0.999680
148.473479,1.000276
148.493913,0.999884
148.514347,0.999812
148.534781,0.999883
148.555215,1.000010
148.575650,1.000235
148.596084,1.000322
148.616518,0.999923
148.636952,0.999906
148.657386,1.000462
148.677820,1.000098
148.698255,0.999977
148.718689,0.999823
148.739123,1.000100
148.759557,1.000419
148.779991,1.000281
148.800425,1.000108
148.820860,0.999964
148.841294,1.000099
148.861728,1.000405
148.882162,0.999904
148.902596,1.000040
148.923030,1.000179
148.943465,1.000341
148.963899,1.000302
148.984333,0.999880
149.004767,1.000347
149.025201,1.000037
149.045635,1.000122
149.066070,0.999862
149.086504,0.999986
149.106938,1.000397
149.127372,1.000383
149.147806,0.999898
149.168241,1.000016
149.188675,1.000103
149.209109,1.000661
149.229543,0.999620
149.249977,0.993976
149.270411,0.991316
149.290846,0.991172
149.331714,0.991144
149.352148,0.994866
149.372582,0.999683
149.393016,0.999867
149.413451,0.999960
149.433885,0.999510
149.454319,0.999359
149.474753,0.999637
149.495187,1.000001
149.515621,0.999942
149.536056,0.999970
149.556490,0.999820
149.576924,1.000023
149.597358,0.999770
149.617792,0.999628
149.638227,0.999851
149.658661,0.999986
149.679095,1.000067
149.699529,0.999960
149.719963,1.000163
149.740397,0.999876
149.760831,1.000000
149.781266,1.000117
149.801700,0.999932
149.822134,0.999999
149.842568,0.999879
149.863002,1.000107
149.883437,1.000493
149.903871,1.000005
149.924305,0.999843
149.944739,1.000185
149.965173,0.999982
149.985607,0.999906
150.006042,1.000327
150.026476,0.999963
150.046910,0.999995
150.067344,1.000104
150.087778,0.999819
150.108212,0.999898
150.128646,0.999804
150.149081,1.000090
150.169515,1.000136
150.189949,0.999847
150.210383,0.999836
150.230817,1.000027
150.251251,1.000493
150.271686,0.999868
150.292120,0.999851
150.312554,1.000177
150.332988,1.000029
150.353422,1.000332
150.373856,0.999926
150.394291,0.999932
150.414725,1.000031
150.435159,0.999999
150.455593,1.000161
150.476027,1.000063
150.496461,0.999824
150.516896,1.000169
150.537330,1.000059
150.557764,1.000004
150.578198,1.000098
150.598632,0.999911
150.619066,1.000282
150.639500,1.000135
150.659935,0.999860
150.680369,1.000347
150.700803,1.000233
150.721237,1.000188
150.741671,0.999981
150.762105,0.999677
150.782540,0.999977
150.802974,0.999869
150.823408,0.999945
150.843842,0.999949
150.864276,0.997873
150.884710,0.997502
150.905145,0.997837
150.925579,0.997644
150.946013,0.997853
150.966447,0.997958
150.986881,0.997649
151.007315,0.997885
151.027749,1.000309
151.048184,0.999881
151.068618,1.000078
151.089052,1.000296
151.109486,0.999964
151.129920,1.000036
151.150354,1.000123
151.170789,1.000139
151.191223,1.000148
151.211657,1.000323
151.232091,1.000249
151.252525,1.000319
151.272959,0.999893
151.293393,0.999976
151.313828,1.000157
151.334262,1.000148
151.354696,1.000397
151.375130,1.000374
151.395564,1.000212
151.415998,1.000311
151.436432,1.000777
151.456867,1.000217
151.477301,1.000180
151.497735,1.000415
151.518169,1.000293
151.538603,1.000761
151.559037,1.000035
151.579472,0.999892
151.599906,1.000128
151.620340,0.999463
151.640774,1.000052
151.681642,1.000398
151.702076,1.000108
151.722511,1.000109
151.742945,0.999781
151.763379,1.000223
151.783813,1.000092
151.804247,0.999966
151.824681,0.999832
151.845115,0.999922
151.865550,1.000154
151.885984,1.000157
151.906418,0.999853
151.926852,1.000254
151.947286,0.999787
151.967720,1.000081
151.988155,0.999889
152.008589,0.999459
152.029023,1.000555
152.049457,0.999933
152.069891,1.000223
152.090325,0.999921
152.110759,1.000114
152.131193,0.999874
152.151628,1.000066
152.172062,1.000233
152.192496,0.999827
152.212930,0.999889
152.233364,1.000034
152.253798,0.999913
152.274232,0.999725
152.315101,0.999887
152.335535,1.000131
152.355969,1.000103
152.376403,0.999728
152.396837,1.000000
152.417271,1.000139
152.437706,0.999923
152.458140,1.000307
152.478574,1.000035
152.499008,0.999679
152.519442,0.999732
152.539876,1.000112
152.560310,1.000103
152.580744,1.000236
152.601179,0.999729
152.621613,0.999889
152.642047,1.000031
152.682915,1.000265
152.703349,1.000057
152.723783,0.999437
152.744218,0.999636
152.764652,0.996846
152.785086,0.992054
152.805520,0.990945
152.825954,0.991393
152.846388,0.991286
152.866822,0.992748
152.887256,0.998793
152.907691,1.000177
152.928125,1.000092
152.948559,0.999783
152.968993,1.000034
152.989427,1.000054
153.009861,1.000104
153.030295,1.000077
153.050730,1.000185
153.071164,1.000081
153.091598,1.000170
153.112032,1.000036
153.132466,1.000209
153.152900,0.999855
153.173334,1.000213
153.193769,1.000071
153.214203,1.000147
153.234637,1.000186
153.255071,1.000000
153.275505,1.000105
153.295939,1.000225
153.316373,1.000099
153.336807,0.999784
153.357242,1.000101
153.377676,1.000299
153.398110,1.000335
153.418544,1.000627
153.438978,0.999924
153.459412,1.000207
153.479846,0.999894
153.500281,1.000124
153.520715,0.999941
153.541149,1.000086
153.561583,1.000288
153.582017,0.999895
153.602451,1.000144
153.622885,1.000144
153.643319,1.000321
153.663754,0.999866
153.684188,0.999908
153.704622,0.999896
153.725056,0.999781
153.745490,0.999990
153.765924,0.999919
153.786358,0.999915
153.806792,1.000143
153.827226,0.999998
153.847661,0.999951
153.868095,0.999647
153.888529,0.999646
153.908963,0.999751
153.929397,0.999493
153.949831,1.000306
153.970265,0.999945
153.990699,0.999654
154.011134,0.999520
154.031568,0.999653
154.052002,0.999836
154.072436,0.999466
154.092870,0.999752
154.113304,0.999490
154.133738,0.999403
154.154172,0.999789
154.174607,0.999815
154.195041,0.999580
154.215475,0.999655
154.235909,1.000111
154.256343,0.999936
154.276777,0.999785
154.297211,0.999595
154.317645,0.999530
154.338079,0.999694
154.358514,0.999873
154.378948,0.999640
154.399382,0.999644
154.419816,0.999959
154.440250,1.000015
154.460684,1.000021
154.481118,0.999538
154.501552,0.999755
154.521987,1.000388
154.542421,0.999555
154.562855,0.999609
154.583289,1.000036
154.603723,0.999759
154.624157,0.999574
154.644591,0.999991
154.665025,1.000148
154.685460,1.000083
154.705894,1.000054
154.726328,0.999631
154.746762,1.000290
154.767196,0.999921
154.787630,1.000121
154.808064,0.999965
154.828498,1.000080
154.848932,1.000128
154.869367,0.999887
154.889801,1.000070
154.910235,1.000376
154.930669,0.999881
154.951103,1.000084
154.971537,1.000023
154.991971,1.000215
155.012405,1.000008
155.032840,0.999791
155.053274,1.000027
155.073708,0.999878
155.094142,1.000148
155.114576,1.000262
155.135010,0.999680
155.155444,0.999806
155.175878,0.999863
155.196312,0.999646
155.216746,1.000067
155.237181,0.999900
155.257615,0.999675
155.298483,1.000080
155.318917,1.000428
155.339351,1.000224
155.359785,0.999994
155.380219,0.999881
155.400653,0.999923
155.421088,1.000319
155.441522,1.000326
155.461956,1.000025
155.482390,0.999747
155.502824,1.000125
155.523258,0.999754
155.543692,1.000021
155.584560,0.999816
155.604995,1.000189
155.625429,1.000047
155.645863,1.000133
155.666297,1.000363
155.686731,0.999788
155.707165,0.999908
155.727599,1.000059
155.748033,1.000112
155.768467,1.000100
155.788901,0.999953
155.809336,1.000101
155.829770,0.999832
155.850204,1.000118
155.870638,0.999779
155.891072,0.999982
155.911506,1.000057
155.931940,1.000142
155.952374,1.000105
155.972808,1.000400
155.993242,1.000333
156.013677,0.999835
156.034111,0.999960
156.054545,1.000321
156.074979,1.000322
156.095413,1.000217
156.115847,1.000022
156.136281,1.000037
156.156715,0.999883
156.177149,1.000091
156.197583,0.999936
156.218018,0.999934
156.238452,0.999880
156.258886,0.999768
156.279320,0.998567
156.299754,0.992894
156.320188,0.991474
156.340622,0.991093
156.361056,0.990955
156.381490,0.992326
156.401924,0.997137
156.422359,1.000052
156.442793,1.000056
156.463227,1.000292
156.483661,1.000247
156.504095,1.000187
156.524529,1.000313
156.544963,1.000181
156.565397,1.000340
156.585831,1.000397
156.606265,1.000230
156.626699,1.000167
156.647134,1.000378
156.667568,1.000501
156.688002,1.000207
156.708436,1.000307
156.728870,1.000048
156.749304,1.000263
156.769738,1.000277
156.790172,1.000303
156.810606,0.999896
156.831040,1.000113
156.851475,1.000139
156.871909,1.000209
156.892343,1.000344
156.912777,1.000170
156.933211,1.000464
156.953645,1.000281
156.974079,0.999978
156.994513,1.000196
157.014947,1.000218
157.035381,1.000387
157.055815,0.999936
157.076250,1.000738
157.096684,1.000272
157.117118,1.000251
157.137552,1.000269
157.157986,1.000356
157.178420,1.000204
157.198854,1.000044
157.219288,1.000361
157.239722,1.000148
157.260156,1.000150
157.280590,1.000178
157.301024,1.000223
157.321459,0.999981
157.341893,1.000128
157.362327,1.000430
157.382761,1.000424
157.403195,1.000242
157.423629,1.000436
157.444063,1.000049
157.464497,1.000629
157.484931,1.000396
157.505365,1.000462
157.525799,1.000366
157.546233,0.999807
157.566668,1.000429
157.587102,1.000630
157.607536,1.000288
157.627970,0.999826
157.648404,1.000372
157.668838,0.999896
157.689272,1.000846
157.709706,0.999977
157.730140,1.000185
157.750574,0.999912
157.771008,1.000075
157.791443,1.000012
157.811877,1.000316
157.832311,1.000242
157.852745,1.000152
157.873179,1.000226
157.893613,1.000017
157.914047,1.000159
157.934481,0.999905
157.954915,0.999996
157.975349,1.000305
157.995783,0.999926
158.016217,0.999920
158.036651,0.999851
158.057085,1.000108
158.077520,1.000066
158.097954,1.000090
158.118388,0.999973
158.138822,1.000041
158.159256,0.999775
158.179690,1.000208
158.200124,0.999920
158.220558,1.000031
158.240992,1.000046
158.281860,0.999744
158.302294,1.000080
158.322729,0.999873
158.343163,1.000276
158.363597,1.000004
158.384031,0.999865
158.404465,1.000004
158.424899,0.999996
158.445333,0.999595
158.465767,0.999837
158.486201,1.000428
158.506635,0.999816
158.527069,0.999700
158.547503,0.999813
158.567937,0.999657
158.588371,0.999995
158.608806,0.999812
158.629240,1.000050
158.649674,1.000062
158.670108,1.000015
158.690542,0.999853
158.710976,0.999764
158.731410,0.999658
158.751844,0.999824
158.772278,0.999787
158.792712,0.999764
158.813146,0.999696
158.833580,0.999817
158.854014,0.999815
158.874448,0.999851
158.894883,0.999667
158.915317,0.999892
158.935751,0.999457
158.956185,0.999649
158.976619,0.999670
158.997053,0.999693
159.017487,0.999851
159.037921,1.000226
159.058355,0.999529
159.078789,0.999889
159.099223,0.999833
159.119657,0.999726
159.140091,0.999979
159.160525,0.999921
159.180960,0.999747
159.201394,0.999472
159.221828,0.999468
159.242262,0.999826
159.262696,0.999604
159.283130,0.999673
159.303564,0.999515
159.323998,0.999761
159.344432,0.999411
159.364866,1.000092
159.385300,0.999630
159.405734,0.999458
159.426168,0.999476
159.446602,0.999446
159.467036,0.999940
159.487470,0.999550
159.507904,0.999918
159.528338,0.999885
159.548773,0.999476
159.569207,0.999727
159.589641,0.999455
159.610075,0.999949
159.630509,0.999837
159.650943,0.999409
159.671377,0.999847
159.691811,0.999709
159.712245,0.999786
159.732679,0.999777
159.753113,0.999993
159.773547,0.999602
159.793981,0.997411
159.814415,0.992946
159.834849,0.989346
159.855283,0.988809
159.875718,0.988385
159.896152,0.989570
159.916586,0.992384
159.937020,0.999828
159.957454,0.999871
159.977888,0.999896
159.998322,1.000111
160.018756,0.999890
160.039190,1.000538
160.059624,1.000178
160.080058,1.000042
160.100492,0.999846
160.120926,0.999957
160.141360,1.000134
160.161794,0.999960
160.182228,1.000207
160.202662,1.000395
160.223097,1.000344
160.243530,1.000081
160.263965,1.000386
160.284399,1.000386
160.304833,1.000097
160.325267,1.000102
160.345701,0.999985
160.366135,1.000243
160.386569,1.000223
160.407003,1.000163
160.427437,0.999735
160.447871,1.000256
160.468305,1.000364
160.488739,1.000111
160.509173,0.999979
160.529607,0.999972
160.550041,1.000430
160.570475,1.000478
160.590909,1.000194
160.611343,0.999958
160.631777,1.000170
160.652212,1.000262
160.672646,0.999600
160.693080,1.000308
160.713514,1.000052
160.733948,1.000294
160.754382,1.000206
160.774816,1.000398
160.795250,0.999828
160.815684,1.000133
160.836118,0.999937
160.856552,1.000264
160.876986,1.000184
160.897420,0.999834
160.917854,1.000115
160.938288,1.000122
160.958722,0.999675
160.979156,1.000166
160.999590,0.999762
161.020024,1.000137
161.040458,1.000067
161.060892,0.999724
161.081327,0.999604
161.101761,1.000444
161.122195,0.999720
161.142629,0.999708
161.163063,1.000594
161.183497,0.999776
161.203931,1.000008
161.224365,0.999898
161.265233,0.999988
161.285667,0.999841
161.306101,0.999998
161.326535,1.000470
161.346969,0.999651
161.367403,0.999725
161.387837,0.999873
161.408271,1.000131
161.428705,1.000069
161.449139,0.999914
161.469573,1.000212
161.490007,1.000015
161.510441,0.999638
161.530875,0.999909
161.551309,0.999854
161.571743,0.999973
161.592178,0.999854
161.612612,0.999863
161.633046,0.999843
161.653480,0.999906
161.673914,0.999631
161.694348,0.999945
161.714782,0.999942
161.735216,1.000213
161.755650,1.000442
161.776084,1.000241
161.796518,0.999914
161.816952,1.000022
161.837386,1.000083
161.857820,1.000004
161.878254,0.999882
161.898688,0.999762
161.919122,0.999876
161.939556,0.999982
161.959990,0.999713
161.980424,1.000070
162.000858,1.000117
162.021292,0.999713
162.041726,0.999900
162.062160,0.999626
162.082594,1.000059
162.103028,0.999943
162.123462,0.999915
162.143896,0.999944
162.164331,0.999918
162.184765,1.000084
162.205199,0.999869
162.225633,0.999725
162.246067,0.999607
162.266501,0.999862
162.286935,0.999790
162.307369,1.000121
162.327803,1.000013
162.348237,1.000224
162.368671,1.000057
162.389105,0.999878
162.409539,1.000000
162.429973,0.999948
162.450407,0.999803
162.470841,1.000161
162.491275,1.000140
162.511708,0.999764
162.532143,0.999948
162.552576,0.999882
162.573010,1.000037
162.593445,1.000219
162.613879,1.000169
162.634313,1.000051
162.654747,0.999595
162.675181,0.999900
162.695615,1.000042
162.716049,0.999977
162.736483,0.999743
162.756917,1.000204
162.777351,1.000140
162.797785,0.999911
162.818219,1.000406
162.838653,0.999881
162.859087,0.999873
162.879521,1.000657
162.899955,1.000032
162.920389,0.999942
162.940823,0.999659
162.961257,1.000068
162.981691,0.999927
163.002125,1.000259
163.022559,0.999762
163.042993,0.999966
163.063427,1.000051
163.083861,1.000110
163.104295,1.000086
163.124729,0.999948
163.145163,0.999807
163.165597,0.999420
163.186031,1.000010
163.206465,1.000200
163.226899,1.000040
163.247333,1.000105
163.267767,1.000094
163.288201,1.000005
163.308635,0.999702
163.329069,0.997669
163.349503,0.992426
163.369937,0.991406
163.390371,0.991262
163.410805,0.991660
163.431239,0.992721
163.451673,0.998531
163.472107,1.000165
163.492541,1.000191
163.512975,0.999959
163.533409,1.000073
163.553844,1.000185
163.574278,1.000161
163.594711,1.000016
163.615145,0.999962
163.635580,1.000000
163.656014,0.999972
163.676448,1.000007
163.696882,0.999566
163.717316,0.999756
163.737750,1.000283
163.758184,0.999643
163.778618,0.999923
163.799052,0.999981
163.819486,1.000272
163.839920,1.000331
163.860354,0.999934
163.880788,0.999764
163.901222,1.000072
163.921656,1.000332
163.942090,1.000061
163.962524,1.000241
163.982958,1.000186
164.003392,0.999838
164.023826,0.999612
164.044260,0.999978
164.064694,0.999837
164.085128,1.000010
164.105562,0.999750
164.125996,1.000419
164.146430,0.999934
164.166864,1.000076
164.187298,1.000268
164.207732,0.999833
164.248600,0.999928
164.269034,0.999524
164.289468,1.000032
164.309902,0.999676
164.330336,1.000193
164.350770,0.999974
164.371204,1.000016
164.391638,0.999861
164.412072,1.000139
164.432506,0.999899
164.452940,1.000279
164.473374,0.999755
164.493808,0.999999
164.514242,0.999653
164.534676,0.999988
164.555110,1.000120
164.575544,1.000241
164.595978,1.000164
164.616412,0.999907
164.636846,1.000239
164.657280,1.000023
164.677714,1.002301
164.698148,1.000298
164.718582,1.000361
164.739016,0.999839
164.759450,1.000320
164.779884,1.000251
164.800318,0.999914
164.820752,0.999637
164.841186,1.000055
164.861620,0.999501
164.882054,0.999803
164.902488,0.999999
164.922922,0.999789
164.943356,0.999869
164.963790,1.000351
164.984224,1.000049
169.765772,0.999999
169.786206,1.000040
169.806640,1.000066
169.827074,1.000179
169.847507,0.999800
169.867941,0.999783
169.888375,0.999661
169.908809,1.000336
169.929243,1.000140
169.949677,1.000268
169.970111,0.999962
169.990545,0.999883
170.010979,0.999939
170.031413,1.000195
170.051847,0.999929
170.072281,0.999908
170.092715,1.000048
170.113149,1.000000
170.133583,1.000124
170.154017,0.999839
170.194884,0.999855
170.215318,1.000615
170.235752,1.000056
170.256186,1.000005
170.276620,0.999887
170.297054,1.000069
170.317488,1.000081
170.337922,0.999746
170.358356,0.999398
170.378790,0.995692
170.399224,0.991715
170.419658,0.990848
170.440092,0.991021
170.460526,0.991192
170.480959,0.993636
170.501393,0.999604
170.521827,1.000405
170.542261,1.000028
170.562695,1.000223
170.583129,0.999984
170.603563,1.000518
170.623997,1.000380
170.644431,1.000077
170.664865,1.000000
170.685299,1.000306
170.705733,1.000230
170.726167,1.000015
170.746600,1.000263
170.767034,0.999979
170.787468,1.000524
170.807902,1.000165
170.828336,1.000522
170.848770,1.000140
170.869204,1.000431
170.889638,1.000180
170.910072,1.000443
170.930506,1.000000
170.950940,1.000271
170.971374,1.000733
170.991808,1.000449
171.012242,1.000376
171.032675,1.001038
171.053109,1.000690
171.073543,1.000944
171.093977,1.000802
171.114411,1.000615
171.134845,1.000855
171.155279,1.000730
171.175713,1.001026
171.196147,1.000875
171.216581,1.000919
171.237015,1.000929
171.257449,1.000848
171.277883,1.000937
171.298316,1.000822
171.318750,1.000859
171.339184,1.000647
171.359618,1.001045
171.380052,1.000672
171.400486,1.000816
171.420920,1.000588
171.441354,1.000631
171.461788,1.000188
171.482222,1.000588
171.502656,1.000886
171.523090,1.000686
171.543523,1.000696
171.563957,1.000430
171.584391,1.000651
171.604825,1.000288
171.625259,1.000458
171.645693,1.000709
171.666127,1.000348
171.686561,1.000299
171.706995,1.000397
171.727429,1.000577
171.747863,1.000254
171.768297,1.000597
171.788730,1.000408
171.809164,1.000194
171.829598,1.000731
171.850032,1.000529
171.870466,1.000368
171.890900,1.000078
171.911334,1.000430
171.931768,0.999996
171.952202,1.000032
171.972636,1.000196
171.993070,0.999962
172.013504,1.000241
172.033937,0.999838
172.054371,1.000678
172.074805,1.000339
172.095239,1.000481
172.115673,1.000353
172.136107,1.000000
172.156541,1.000142
172.176975,0.999839
172.197409,1.000292
172.217843,1.000150
172.238276,0.999941
172.258710,1.000669
172.279144,1.000525
172.299578,0.999983
172.320012,1.000074
172.340446,1.000066
172.360880,1.000251
172.381314,1.000559
172.401748,1.000295
172.422182,0.999915
172.442616,0.999997
172.463049,0.999874
172.483483,1.000516
172.503917,0.999876
172.524351,1.000328
172.544785,0.999961
172.565219,1.000498
172.585653,1.000041
172.606087,1.000039
172.626521,0.999604
172.646955,1.000243
172.667389,1.000004
172.687822,0.999804
172.708256,0.999915
172.728690,0.999850
172.749124,0.999729
172.769558,0.999868
172.789992,1.000074
172.810426,0.999721
172.830860,0.999827
172.851294,0.999731
172.871727,0.999724
172.892161,0.999648
172.912595,0.999880
172.933029,1.000030
172.953463,0.999581
172.973897,0.999457
172.994331,0.999758
173.014765,0.999745
173.035199,0.999671
173.055633,0.999573
173.076067,0.999723
173.096500,0.999562
173.116934,0.999839
173.137368,0.999987
173.178236,0.999792
173.198670,0.999660
173.219104,0.999366
173.239538,0.999381
173.259971,0.999525
173.280405,0.999505
173.300839,0.999513
173.321273,0.999685
173.341707,0.999496
173.362141,0.999492
173.382575,0.999425
173.403009,0.999598
173.423443,0.999357
173.443877,0.999424
173.464310,0.999883
173.484744,0.999679
173.505178,0.999514
173.525612,0.999646
173.546046,0.999539
173.566480,0.999986
173.586914,0.999597
173.607348,0.999420
173.627782,0.999229
173.648216,0.999759
173.668649,0.999303
173.689083,0.999917
173.709517,0.999502
173.729951,0.999698
173.750385,0.999252
173.770819,0.999416
173.791253,0.999419
173.811687,0.999701
173.832120,0.999365
173.852554,0.999184
173.872988,0.999726
173.893422,0.998242
173.913856,0.992159
173.934290,0.990761
173.954724,0.990600
173.975158,0.991273
173.995592,0.992020
174.016026,0.997535
174.036459,1.000362
174.056893,1.000368
174.077327,1.000511
174.097761,1.000233
174.118195,1.000374
174.138629,1.000088
174.159063,1.000323
174.179497,1.000435
174.199931,1.000694
174.220364,1.000413
174.240798,1.000245
174.261232,1.000303
174.281666,1.000171
174.302100,1.000119
174.322534,1.000345
174.342968,1.000701
174.363402,1.000515
174.383835,1.000551
174.404269,1.000294
174.424703,1.000477
174.445137,1.000399
174.465571,1.000514
174.486005,1.000723
174.506439,1.000402
174.526873,1.000311
174.547306,1.000061
174.567740,1.000441
174.588174,1.000564
174.608608,1.000153
174.629042,1.000543
174.649476,1.000482
174.669910,1.000373
174.690344,1.000022
174.710778,1.000309
174.731211,1.000314
174.751645,1.000375
174.772079,1.000461
174.792513,1.000022
174.812947,1.000265
174.833381,1.000326
174.853815,1.000237
174.874249,1.000025
174.894682,1.000178
174.915116,1.000162
174.935550,1.000489
174.955984,0.999993
174.976418,1.000112
174.996852,1.000193
175.017286,1.000313
175.037719,1.000064
175.058153,1.000537
175.078587,1.000288
175.099021,0.999793
175.139889,1.000176
175.160323,1.000002
175.180757,1.000209
175.201191,1.000732
175.221624,1.000034
175.242058,0.999677
175.262492,0.999855
175.282926,1.000030
175.303360,0.999954
175.323794,0.999858
175.344228,1.000125
175.364661,0.999974
175.385095,1.000341
175.405529,0.999716
175.425963,1.000115
175.446397,1.000070
175.466831,1.000036
175.487265,1.000261
175.507699,1.000072
175.528132,0.999901
175.548566,0.999811
175.569000,0.999778
175.589434,0.999869
175.609868,1.000029
175.630302,0.999620
175.650736,0.999996
175.671169,0.999942
175.691603,0.999604
175.712037,0.999905
175.732471,0.999603
175.752905,0.999998
175.773339,0.999256
175.793773,0.999443
175.814206,0.999666
175.834640,0.999888
175.855074,0.999792
175.875508,0.999628
175.895942,0.999858
175.916376,0.999802
175.936810,0.999915
175.957243,0.999639
175.977677,0.999753
175.998111,0.999969
176.018545,0.999856
176.038979,0.999952
176.059413,1.000045
176.079847,1.000026
176.100281,0.999827
176.120714,1.000315
176.161582,0.999914
176.182016,0.999710
176.202450,1.000017
176.222884,1.000081
176.243318,0.999824
176.263751,0.999705
176.284185,0.999955
176.304619,0.999760
176.325053,0.999711
176.345487,0.999844
176.365921,0.999899
176.386354,0.999836
176.406788,1.000016
176.427222,1.000119
176.447656,0.999988
176.468090,0.999700
176.488524,0.999884
176.508958,0.999366
176.529391,0.999423
176.549825,0.999650
176.570259,0.999993
176.590693,0.999930
176.611127,0.999875
176.631561,0.999944
176.651995,0.999780
176.672428,0.999622
176.692862,0.999709
176.713296,0.999882
176.733730,0.999962
176.754164,0.999858
176.774598,0.999796
176.795032,0.999698
176.815465,0.999888
176.835899,0.999468
176.856333,0.999983
176.876767,0.999948
176.897201,1.000073
176.917635,0.999848
176.938069,1.000069
176.958502,0.999996
176.978936,0.999896
176.999370,0.999975
177.019804,1.000198
177.040238,1.000152
177.060672,0.999768
177.081105,0.999932
177.101539,0.999858
177.121973,0.999968
177.142407,0.999671
177.162841,0.999893
177.183275,1.000192
177.203709,1.000287
177.224142,0.999940
177.244576,1.000262
177.265010,0.999887
177.285444,0.999737
177.305878,1.000116
177.326312,1.000008
177.346745,1.000053
177.367179,0.999900
177.387613,0.999935
177.408047,0.999824
177.428481,0.994436
177.448915,0.991246
177.469348,0.991145
177.489782,0.991228
177.510216,0.991861
177.530650,0.994949
177.551084,0.999977
177.571518,0.999594
177.591952,0.999551
177.612385,1.000121
177.632819,0.998010
177.653253,0.998157
177.673687,0.997864
177.694121,0.997976
177.714555,0.997896
177.734988,0.997964
177.755422,0.998162
177.775856,1.000049
177.796290,1.000346
177.816724,0.999905
177.837157,1.000049
177.857591,1.000259
177.878025,1.000298
177.898459,1.000152
177.918893,0.999802
177.939327,1.000198
177.959761,0.999880
177.980194,0.999841
178.000628,1.000195
178.021062,1.000184
178.041496,1.000034
178.061930,1.000050
178.082364,0.999725
178.102797,1.000193
178.123231,1.000403
178.143665,1.000170
178.164099,1.000133
178.184533,1.000020
178.204967,1.000010
178.225400,0.999994
178.245834,0.999918
178.266268,1.000023
178.286702,1.000312
178.307136,1.000197
178.327569,0.999664
178.348003,1.000075
178.368437,1.000208
178.388871,0.999977
178.409305,1.000473
178.429739,1.000198
178.450172,1.000400
178.470606,1.000072
178.491040,1.000384
178.511474,1.000250
178.531908,1.000131
178.552342,1.000078
178.572775,1.000309
178.593209,1.000062
178.613643,1.000077
178.634077,0.999949
178.654511,1.000401
178.674945,1.000400
178.695378,1.000153
178.715812,0.999972
178.736246,0.999918
178.756680,1.000004
178.777114,1.000042
178.797548,1.000417
178.817981,0.999961
178.838415,1.000271
178.858849,1.000231
178.879283,1.000279
178.899717,1.000147
178.920150,1.000335
178.940584,1.000374
178.961018,1.000056
178.981452,0.999837
179.001886,0.999959
179.022320,1.000402
179.042753,1.000487
179.063187,1.000205
179.083621,1.000592
179.124489,1.000420
179.144923,0.999951
179.165356,1.000087
179.185790,1.000318
179.206224,0.999781
179.226658,1.000075
179.247092,1.000098
179.267525,0.999980
179.287959,1.000264
179.308393,1.000026
179.328827,0.999786
179.349261,0.999996
179.369695,1.000411
179.410562,1.000271
179.430996,0.999899
179.451430,1.000092
179.471864,1.000095
179.492297,1.000057
179.512731,0.999970
179.533165,0.999771
179.553599,1.000011
179.574033,1.000139
179.594466,0.999903
179.614900,1.000163
179.635334,0.999760
179.655768,1.000039
179.676202,0.999786
179.696635,1.000008
179.717069,0.999895
179.737503,0.999885
179.757937,0.999728
179.778371,0.999903
179.798805,0.999626
179.819238,0.999964
179.839672,1.000063
179.860106,0.999927
179.880540,1.000035
179.900974,0.999755
179.921407,1.000111
179.941841,0.999982
179.962275,1.000114
179.982709,0.999817
180.003143,1.000122
180.023576,1.000046
180.044010,0.999954
180.064444,1.000179
180.084878,0.999824
180.105312,0.999913
180.125745,0.999747
180.146179,0.999696
180.166613,0.999833
180.187047,0.999517
180.207481,0.999697
180.227915,0.999668
180.248348,0.999603
180.268782,0.999855
180.289216,0.999501
180.309650,0.999823
180.330084,0.999526
180.350517,0.999460
180.370951,0.999656
180.391385,0.999756
180.411819,0.999903
180.432253,0.999442
180.452686,1.000127
180.473120,0.999723
180.493554,0.999693
180.513988,1.000372
180.534422,0.999676
180.554855,0.999849
180.575289,0.999879
180.595723,0.999668
180.616157,1.000150
180.636591,0.999821
180.657024,0.999591
180.677458,0.999787
180.697892,0.999794
180.718326,0.999632
180.738760,0.999791
180.759193,0.999646
180.779627,0.999628
180.800061,0.999572
180.820495,0.999606
180.840929,0.999506
180.861362,1.000015
180.881796,0.999212
180.902230,0.999747
180.922664,0.999410
180.943098,0.996652
180.963531,0.991549
180.983965,0.990966
181.004399,0.990828
181.024833,0.990975
181.045266,0.992497
181.065700,0.998345
181.086134,0.999922
181.106568,0.999709
181.127002,1.000022
181.147436,0.999934
181.167869,0.999943
181.188303,1.000181
181.208737,0.999905
181.229171,0.999973
181.249604,1.000038
181.270038,1.000311
181.290472,1.000200
181.310906,1.000242
181.331340,0.999936
181.351773,0.999959
181.372207,1.000042
181.392641,0.999978
181.413075,1.000121
181.433509,0.999962
181.453942,1.000183
181.474376,1.000371
181.494810,1.000398
181.515244,0.999932
183.722091,1.001343
183.742525,1.000551
183.762958,1.000566
183.783392,1.000393
183.803826,1.000055
183.824260,1.000187
183.844693,1.000128
183.865127,1.000241
183.885561,0.999970
183.905995,1.000076
183.926428,0.999993
183.946862,1.000130
183.967296,0.999919
183.987730,0.999896
184.008163,1.000490
184.028597,1.000363
184.049031,1.000451
184.069465,1.000335
184.089898,1.000098
184.110332,1.000251
184.130766,0.999938
184.151200,1.000007
184.171633,0.999908
184.192067,0.999836
184.212501,1.000318
184.232935,0.999631
184.253368,0.999621
184.273802,0.999754
184.294236,0.999680
184.314670,0.999471
184.335103,0.999897
184.355537,0.999508
184.375971,0.999461
184.396405,0.999425
184.416838,0.999178
184.437272,0.999387
184.457706,0.998145
184.478140,0.992866
184.498573,0.990681
184.519007,0.990246
184.539441,0.990497
184.559875,0.991158
184.580308,0.995777
184.600742,0.999493
184.621176,0.999766
184.641610,1.000127
184.662043,1.000879
184.682477,0.999880
184.702911,1.000038
184.723345,1.000239
184.743778,1.000006
184.764212,0.999872
184.784646,1.000080
184.805080,1.000457
184.825513,1.000241
184.845947,1.000185
184.866381,1.000000
184.886815,1.000223
184.907248,0.999998
184.927682,1.000065
184.948116,1.000112
184.968550,1.000152
184.988983,1.000396
185.009417,0.999999
185.029851,1.000222
185.050285,1.000223
185.091152,1.000100
185.111586,1.000058
185.132019,1.000260
185.152453,1.000013
185.172887,0.999906
185.193321,0.999994
185.213754,0.999663
185.234188,0.999889
185.254622,0.999979
185.275056,0.999788
185.295489,1.000172
185.315923,1.000022
185.336357,0.999784
185.356790,1.000910
185.377224,1.000069
185.397658,1.000008
185.418092,0.999783
185.438525,0.999743
185.458959,1.000033
185.479393,1.000142
185.499827,0.999999
185.520260,1.000018
185.540694,0.999802
185.561128,0.999546
185.581562,0.999543
185.601995,0.999866
185.622429,1.000090
185.642863,0.999523
185.663297,0.999568
185.683730,0.999383
185.704164,0.999797
185.724598,0.999465
185.745032,1.000100
185.765465,1.000033
185.785899,0.999876
185.806333,0.999754
185.826766,0.999614
185.847200,0.999673
185.867634,0.999754
185.888068,1.000000
185.908501,0.999715
185.928935,0.999947
185.949369,0.999994
185.969803,0.999854
185.990236,0.999846
186.010670,1.000070
186.031104,0.999867
186.051537,1.000114
186.071971,0.999973
186.092405,1.000274
186.112839,1.000121
186.133272,1.000054
186.153706,1.000006
186.174140,1.000127
186.194574,0.999954
186.215007,1.000312
186.235441,0.999803
186.255875,1.000306
186.276308,0.999988
186.296742,0.999797
186.317176,0.999934
186.337610,0.999870
186.358043,0.999899
186.378477,0.999996
186.398911,0.999839
186.419344,1.000453
186.439778,0.999792
186.460212,0.999857
186.480646,1.000244
186.501079,1.000179
186.521513,1.000116
186.541947,0.998515
186.562381,0.998141
186.582814,0.998447
186.603248,0.998340
186.623682,0.998165
186.644115,0.998202
186.664549,0.998264
186.684983,0.998224
186.705417,1.000059
186.725850,1.000119
186.746284,1.000126
186.766718,0.999958
186.787151,1.000684
186.807585,1.000186
186.828019,1.000196
186.848453,1.000146
186.868886,1.000087
186.889320,1.000008
186.909754,0.999846
186.930187,0.999978
186.950621,1.000120
186.971055,0.999938
186.991489,0.999982
187.011922,1.000217
187.032356,1.000241
187.052790,0.999843
187.073223,1.000109
187.093657,0.999817
187.114091,1.000393
187.134525,0.999853
187.154958,1.000136
187.175392,1.000028
187.195826,1.000221
187.216259,1.000065
187.236693,1.000238
187.257127,0.999816
187.277561,1.000183
187.297994,1.000342
187.318428,1.000062
187.338862,1.001237
187.359295,1.000078
187.379729,0.999758
187.400163,0.999623
187.420596,1.000018
187.441030,0.999790
187.461464,1.000001
187.481898,1.000000
187.502331,0.999832
187.522765,0.999955
187.543199,1.000007
187.563632,0.999977
187.584066,0.999995
187.604500,1.000070
187.624934,0.999934
187.645367,0.999772
187.665801,0.999892
187.686235,0.999849
187.706668,0.999604
187.727102,0.999785
187.747536,0.999794
187.767969,1.000144
187.788403,0.999784
187.808837,0.999801
187.829271,0.999957
187.849704,1.000039
187.870138,0.999880
187.890572,0.999993
187.911005,0.999947
187.931439,0.999660
187.951873,0.999711
187.972307,1.000512
187.992740,0.995453
188.013174,0.991471
188.033608,0.990714
188.074475,0.991136
188.094909,0.993455
188.115342,0.999124
188.135776,0.999950
188.156210,0.999498
188.176644,0.999441
188.197077,0.999909
188.217511,0.999849
188.237945,0.999811
188.258378,0.999914
188.278812,1.000002
188.299246,0.999293
188.319679,0.999863
188.340113,1.000057
188.360547,0.999582
188.380981,0.999828
188.401414,0.999868
188.421848,0.999670
188.442282,0.999528
188.462715,0.999845
188.483149,0.999913
188.503583,0.999657
188.524016,0.999971
188.544450,0.999694
188.564884,1.000005
188.585317,0.999667
188.605751,0.999944
188.626185,1.000071
188.646618,0.999705
188.667052,1.000048
188.687486,0.999971
188.707920,0.999648
188.728353,0.999718
188.748787,0.999744
188.769221,0.999459
188.789654,0.999858
188.810088,0.999931
188.830522,0.999905
188.850955,0.999951
188.871389,0.999763
188.891823,0.999481
188.912256,0.999668
188.932690,0.999686
188.953124,0.999511
188.973557,0.999580
188.993991,0.999297
189.014425,0.999763
189.034859,0.999843
189.055292,0.999711
189.075726,0.999779
189.096160,0.999875
189.116593,1.000125
189.137027,1.000017
189.157461,0.999830
189.177894,0.999768
189.198328,0.999845
189.218762,0.999827
189.239195,0.999779
189.259629,0.999439
189.280063,0.999778
189.300496,0.999942
189.320930,0.999762
189.341364,0.999561
189.361797,0.999666
189.382231,1.000008
189.402665,0.999956
189.423099,0.999996
189.443532,0.999702
189.463966,1.000090
189.484400,0.999971
189.504833,0.999927
189.525267,0.999808
189.545701,0.999837
189.566134,0.999742
189.586568,0.999891
189.607002,0.999940
189.627435,0.999773
189.647869,0.999960
189.668303,0.999947
189.688736,1.000239
189.709170,1.000342
189.729604,1.000093
189.750037,1.000251
189.770471,1.000050
189.790905,1.000315
189.811338,1.000046
189.831772,0.999982
189.852206,1.000725
189.872639,0.999749
189.893073,0.999857
189.913507,1.000010
189.933940,0.999835
189.954374,1.000068
189.974808,1.000130
189.995241,0.999996
190.015675,0.999969
190.036109,1.000107
190.056542,1.000095
190.076976,1.000078
190.097410,1.000179
190.117844,1.000196
190.138277,1.000196
190.158711,1.000005
190.179145,1.000244
190.199578,1.000395
190.220012,1.000328
190.240445,1.000261
190.260879,1.000375
190.281313,0.999938
190.301746,1.000032
190.322180,1.000203
190.342614,0.999788
190.363047,1.000404
190.383481,1.000076
190.403915,1.000340
190.424349,1.000025
190.444782,1.000403
190.465216,1.000371
190.485650,1.000099
190.506083,0.999874
190.526517,0.999998
190.546951,1.000262
190.567384,1.000140
190.587818,0.999968
190.608252,1.000151
190.628685,1.000045
190.649119,1.000255
190.669552,1.000163
190.689986,1.000536
190.710420,1.000033
190.730854,1.000308
190.751287,1.000264
190.771721,1.000291
190.792155,1.000115
190.812588,1.000329
190.833022,1.000080
190.853456,1.000337
190.873889,1.000111
190.894323,1.000476
190.914757,1.000061
190.935190,1.000210
190.955624,1.000459
190.976058,1.000408
190.996491,1.000248
191.016925,1.000387
191.057792,1.000305
191.078226,1.000142
191.098659,1.000294
191.119093,1.000177
191.139527,1.000149
191.159960,1.000266
191.180394,1.000380
191.200828,1.000227
191.221261,1.000206
191.241695,1.000070
191.262129,1.000661
191.282562,0.999827
191.302996,0.999965
191.323430,0.999802
191.343863,1.000194
191.364297,1.000392
191.384731,0.999787
191.405164,1.000160
191.425598,1.000302
191.446031,1.000090
191.466465,1.000368
191.486899,1.000305
191.507332,0.998246
191.527766,0.992511
191.548200,0.990768
191.568634,0.990903
191.589067,0.990962
191.609501,0.992163
191.629934,0.997710
191.650368,0.999715
191.670802,0.999673
191.691235,0.999398
191.711669,0.999298
191.732103,0.999943
191.752536,0.999873
191.772970,0.999829
191.793404,0.999684
191.813837,0.999757
191.834271,1.000228
191.854705,1.000037
191.875138,0.999582
191.916006,0.999960
191.936439,0.999645
191.956873,0.999886
191.977306,1.000082
191.997740,0.999804
192.018174,1.000055
192.038607,0.999793
192.059041,0.999812
192.079475,1.000428
192.099908,0.999735
192.120342,0.999782
192.140776,1.000330
192.161209,1.000684
192.181643,1.000290
192.202077,1.000005
192.222510,1.000104
192.242944,1.000136
192.263378,0.999979
192.283811,0.999981
192.304245,1.000082
192.324678,1.000176
192.345112,1.000370
192.365546,1.000228
192.385979,1.000171
192.406413,1.000289
192.426847,1.000011
192.447280,1.000034
192.467714,0.999890
192.488148,0.999816
192.508581,1.000201
192.529015,0.999759
192.549448,1.000188
192.569882,1.000057
192.590316,1.000028
192.610749,0.999881
192.631183,1.000231
192.651617,1.000241
192.672050,1.000127
192.692484,1.000038
192.712917,1.000103
192.733351,0.999992
192.753785,0.999891
192.774218,1.000037
192.794652,1.000439
192.815086,0.999692
192.835519,0.999962
192.855953,1.000011
192.876387,0.999968
192.896820,0.999910
192.917254,1.000064
192.937687,0.999981
192.958121,1.000036
192.978555,1.000166
192.998988,1.000113
193.019422,1.000021
193.039856,1.000052
193.060289,0.999670
193.080723,0.999888
193.101156,1.000263
193.121590,0.999708
193.142024,0.999929
193.162457,0.999943
193.182891,0.999531
193.203325,1.000313
193.223758,0.999727
193.244192,0.999874
193.264626,0.999818
193.285059,0.999758
193.305493,0.999752
193.325927,1.000067
193.346360,1.000390
193.366794,1.000111
193.387227,1.000110
193.407661,0.999853
193.428095,0.999633
193.448528,0.999614
193.468962,0.999932
193.489395,1.000199
193.509829,1.000112
193.530263,1.000091
193.550696,1.000432
193.571130,1.000225
193.591564,0.999995
193.611997,1.000670
193.632431,0.999919
193.652864,1.000123
193.673298,1.000056
193.693732,1.000006
193.714165,0.999873
193.734599,1.000008
193.755032,1.000006
193.775466,1.000287
193.795900,0.999884
193.816333,1.000311
193.836767,1.000388
193.857201,1.000382
193.877634,0.999850
193.898068,0.999802
193.918502,1.000122
193.938935,0.999843
193.959369,0.999680
193.979802,1.000026
194.000236,0.999720
194.041103,0.999892
194.061537,0.999954
194.081970,1.000408
194.102404,1.000159
194.122838,1.000243
194.143271,1.000327
194.163705,1.000223
194.184138,0.999852
194.204572,1.000338
194.225006,1.000113
194.245439,0.999935
194.265873,1.000032
194.286307,1.000321
194.306740,1.000144
194.327174,1.000135
194.347607,0.999908
194.368041,1.000163
194.388475,1.000009
194.408908,0.999988
194.429342,0.999838
194.449775,0.999669
194.470209,0.999781
194.490643,1.000238
194.511076,1.000101
194.531510,1.000202
194.551944,0.999755
194.572377,0.999928
194.592811,0.999786
194.613244,0.999994
194.633678,0.999642
194.654112,1.000256
194.674545,1.000271
194.694979,0.999965
194.715412,1.000071
194.735846,0.999919
194.756280,1.000217
194.776713,0.999765
194.797147,0.999848
194.817581,1.000305
194.838014,0.999796
194.858448,0.999693
194.878881,1.000156
194.899315,0.999497
194.919749,0.999531
194.940182,0.999923
194.960616,0.999807
194.981049,0.999926
195.001483,0.999802
195.021916,0.999763
195.042350,0.993811
195.062784,0.991002
195.083217,0.990475
195.103651,0.990364
195.124085,0.991473
195.144518,0.994861
195.164952,1.000012
195.185385,0.999843
195.205819,1.000235
195.226253,1.000095
195.246686,0.999747
195.267120,1.000031
195.287553,0.999938
195.307987,0.999788
195.328421,0.999944
195.348854,0.999957
195.369288,1.000097
195.389721,0.999689
195.410155,1.000021
195.430589,1.000028
195.451022,1.000139
195.471456,0.997815
195.491889,0.997938
195.512323,0.997702
195.532757,0.997646
195.553190,0.997735
195.573624,0.997958
195.594057,0.997934
195.614491,0.999832
195.634925,0.999964
195.655358,0.999772
195.675792,0.999575
195.696225,0.999833
195.716659,0.999805
195.737092,0.999803
195.757526,1.000050
195.777960,0.999583
195.798393,0.999994
195.818827,0.999889
195.839261,1.000016
195.859694,0.999991
195.880128,0.999501
195.900561,0.999970
195.920995,0.999763
195.941428,0.999941
195.961862,0.999778
195.982296,1.000107
196.002729,1.000123
196.023163,0.999796
196.043596,0.999833
196.064030,1.000431
196.084464,1.000177
196.104897,1.000057
196.125331,0.999871
196.145764,0.999698
196.166198,0.999880
196.186631,0.999862
196.207065,0.999973
196.227499,1.000062
196.247932,0.999818
196.268366,0.999777
196.288799,1.000071
196.309233,0.999912
196.329667,0.999768
196.350100,0.999868
196.370534,1.000240
196.390967,0.999856
196.411401,1.000315
196.431835,0.999623
196.452268,1.000250
196.472702,1.000264
196.493135,0.999771
196.513569,0.999798
196.534002,0.999723
196.554436,0.999760
196.574870,0.999824
196.595303,0.999672
196.615737,0.999557
196.636170,0.999948
196.656604,1.000005
196.677037,0.999974
196.697471,0.999875
196.717905,0.999753
196.738338,1.000312
196.758772,0.999745
196.779206,0.999966
196.799639,0.999934
196.820073,1.000408
196.840506,0.999991
196.860940,0.999925
196.881373,0.999705
196.901807,1.000082
196.922241,0.999995
196.942674,1.000107
196.963108,0.999886
196.983541,1.000163
197.024408,1.000017
197.044842,0.999891
197.065276,1.000024
197.085709,1.000162
197.106143,1.000314
197.126576,0.999914
197.147010,1.000082
197.167443,0.999927
197.187877,0.999847
197.208311,0.999823
197.228744,0.999832
197.249178,0.999794
197.269611,0.999889
197.290045,1.000108
197.310478,0.999992
197.330912,0.999971
197.351346,1.000089
197.371779,1.000110
197.392213,1.000151
197.412646,0.999626
197.433080,0.999889
197.453513,1.000090
197.473947,0.999736
197.494381,1.000884
197.514814,1.000010
197.535248,0.999820
197.555681,1.000096
197.576115,1.000123
197.596548,0.999857
197.616982,1.000202
197.637416,1.000010
197.657849,0.999942
197.678283,1.000156
197.698716,1.000050
197.719150,1.000167
197.739583,1.000456
197.760017,1.000108
197.780451,1.000138
197.800884,1.000348
197.821318,1.000249
197.841751,1.000273
197.862185,1.000184
197.882618,1.000328
197.903052,1.000071
197.923486,1.000319
197.943919,1.000157
197.964353,1.000332
197.984786,1.000059
198.005220,1.000111
198.025653,1.000011
198.066521,1.000264
198.086954,1.000049
198.107388,1.000096
198.127821,1.000140
198.148255,1.000407
198.168688,1.000318
198.189122,1.000366
198.209555,1.000029
198.229989,1.000336
198.250423,0.999913
198.270856,1.000282
198.291290,1.001578
198.311723,1.000257
198.332157,1.000298
198.352590,1.000237
198.373024,1.000268
198.393457,1.000343
198.413891,1.000148
198.434325,1.000665
198.454758,1.000502
198.475192,0.999972
198.495625,1.000334
198.516059,1.000118
198.536492,1.000302
198.556926,0.996770
198.577359,0.992323
198.597793,0.991104
198.618226,0.990923
198.638660,0.991405
198.659094,0.993152
198.679527,0.998971
198.699961,1.000156
198.720394,1.000282
198.740828,1.000467
198.761261,1.000167
198.781695,1.000029
198.802129,0.999567
198.822562,1.000107
198.842996,1.000248
198.863429,0.999936
198.883863,0.999910
198.904296,0.999819
198.924730,0.999944
198.945163,0.999525
198.965597,0.999739
198.986030,0.999684
199.006464,1.000153
199.026898,0.999923
199.047331,0.999758
199.067765,0.999691
199.088198,1.000000
199.108632,1.000027
199.129065,0.999861
199.149499,1.000178
199.169932,1.000023
199.190366,0.999769
199.210800,0.999631
199.231233,0.999551
199.251667,1.000065
199.272100,0.999743
199.292534,0.999754
199.312967,0.999721
199.333401,0.999304
199.353834,0.999628
199.374268,0.999715
199.394701,0.999727
199.415135,0.999799
199.435568,0.999973
199.456002,0.999676
199.476436,0.999763
199.517303,0.999847
199.537736,0.999847
199.558170,0.999850
199.578603,0.999714
199.599037,1.000087
199.619470,0.999323
199.639904,0.999583
199.660337,0.999418
199.680771,0.999934
199.701204,0.999676
199.721638,0.999920
199.742072,0.999941
199.762505,0.999929
199.782939,0.999837
199.803372,0.999727
199.823806,0.999779
199.844239,0.999707
199.864673,0.999804
199.885106,0.999929
199.905540,0.999895
199.925973,1.000224
199.946407,1.000208
199.966841,0.999705
200.007708,1.000314
200.028141,1.000167
200.048575,1.000159
200.069008,0.999865
200.089442,0.999871
200.109875,1.000084
200.130309,0.999689
200.150742,0.999915
200.171176,0.999871
200.191609,0.999775
200.212043,1.000108
200.232477,0.999876
200.252910,1.000008
200.273343,1.000079
200.293777,0.999712
200.334644,0.999996
200.355078,1.000025
200.375511,0.999956
200.395945,1.000187
200.416378,1.000242
200.436812,0.999955
200.457245,0.999654
200.477679,0.999868
200.498112,1.000388
200.518546,0.999966
200.538979,1.000012
200.559413,1.000253
200.579846,1.000341
200.600280,1.000020
200.620713,1.000063
200.641147,1.000051
200.661581,1.000023
200.682014,1.000215
200.702448,1.000174
200.722881,0.999960
200.743315,1.000895
200.763748,1.000130
200.784182,0.999816
200.804615,1.000104
200.825049,1.000267
200.845482,1.000057
200.865916,1.000350
200.886349,1.003084
200.906783,1.000662
200.927216,1.000217
200.947650,1.000258
200.968083,1.000151
200.988517,1.000771
201.008951,1.000070
201.029384,1.000207
201.049818,1.000079
201.070251,1.000035
201.090685,0.999952
201.111118,1.000285
201.131552,1.000020
201.151985,0.999960
201.172419,1.000213
201.192852,1.000064
201.213286,1.000047
201.233719,1.000133
201.254153,1.000045
201.274586,1.000207
201.295020,1.000447
201.315453,0.999862
201.335887,1.000189
201.356320,1.000045
201.376754,1.000075
201.397187,1.000230
201.417621,1.000054
201.438054,1.000199
201.458488,1.000085
201.478921,0.999802
201.499355,1.000044
201.519789,0.999643
201.540222,1.000001
201.560655,1.000011
201.581089,0.999824
201.601523,1.000118
201.621956,1.000013
201.642390,1.000139
201.662823,0.999905
201.683257,1.000115
201.703690,1.000160
201.724124,0.999927
201.744557,1.000050
201.764991,0.999918
201.785424,0.999860
201.805858,0.999951
201.826291,0.999940
201.846725,0.999964
201.867158,0.999977
201.887592,1.000010
201.908025,1.000071
201.928459,0.999635
201.948892,1.000184
201.969326,1.000034
201.989759,0.999882
202.010193,1.000068
202.030626,1.000149
202.051060,0.999629
202.071493,0.998848
202.091927,0.992612
202.112360,0.991488
202.132794,0.990884
202.153227,0.990954
202.173661,0.991791
202.194094,0.996573
202.214528,1.000104
202.234961,1.000238
202.255395,0.999965
202.275828,0.999973
202.296262,1.000139
202.316695,0.999902
202.337129,1.000369
202.357562,1.000459
202.377996,1.000192
202.398429,1.000140
202.418863,1.000011
202.439296,1.000105
202.459730,1.000172
202.480163,0.999997
202.500597,1.000174
202.521030,1.000179
202.541464,1.000165
202.561897,1.000237
202.582331,1.000899
202.602764,1.000370
202.623198,1.000336
202.643631,1.000194
202.664065,1.000281
202.684498,1.000461
202.704932,1.000111
202.725365,1.000598
202.745799,1.000515
202.766232,1.000288
202.786666,1.000051
202.807099,1.000150
202.827533,1.000166
202.847966,1.000045
202.868400,1.000007
202.888833,1.000058
202.909267,0.999925
202.929700,1.000036
202.950134,1.000004
202.991001,1.000089
203.011434,1.000118
203.031868,0.999887
203.052301,0.999934
203.072735,1.000384
203.093168,1.000019
203.113602,0.999849
203.134035,0.999805
203.154469,1.000168
203.174902,0.999898
203.195336,0.999929
203.215769,0.999901
203.236203,1.000092
203.256636,0.999558
203.277070,0.999812
203.297503,0.999868
203.317937,1.000135
203.338370,0.999780
203.358804,1.000018
203.379237,1.000249
203.399671,0.999461
203.420104,0.999988
203.440538,0.999872
203.460971,0.999698
203.481405,0.999443
203.501838,1.000077
203.522272,1.000054
203.542705,0.999967
203.563139,0.999450
203.583572,0.999819
203.604006,0.999934
203.624439,0.999681
203.644873,0.999859
203.665306,0.999707
203.685740,0.999863
203.706173,0.999649
203.726606,1.000056
203.747040,1.000316
203.767473,0.999879
203.787907,0.999563
203.808340,0.999529
203.828774,0.999604
203.849207,0.999904
203.869641,0.999748
203.890074,0.999948
203.910508,0.999923
203.930941,0.999707
203.951375,1.000003
203.971808,0.999710
203.992242,1.000103
204.012675,0.999693
204.033109,0.999846
204.053542,0.999586
204.073976,0.999673
204.094409,0.999723
204.114843,0.999616
204.135276,0.999438
204.155710,0.999696
204.176143,0.999546
204.196576,1.000088
204.217010,0.999950
204.237444,1.000094
204.257877,1.000081
204.278310,0.999667
204.298744,1.000150
204.319177,0.999812
204.339611,0.999896
204.360044,0.999951
204.380478,0.997578
204.400911,0.997470
204.421345,0.997962
204.441778,0.997767
204.462212,0.997897
204.482645,0.997792
204.503079,0.998024
204.523512,0.997900
204.543946,0.999745
204.564379,0.999796
204.584813,1.000211
204.605246,1.000154
204.625679,0.999970
204.646113,1.000047
204.666546,0.999906
204.686980,0.999711
204.707413,1.000110
204.727847,0.999971
204.748280,1.000151
204.768714,0.999797
204.789147,1.000303
204.809581,1.000131
204.830014,1.000201
204.850448,1.000182
204.870881,1.000259
204.891315,0.999954
204.911748,1.000260
204.932182,0.999942
204.952615,1.000003
204.973048,1.000281
204.993482,0.999969
205.013915,1.000057
205.034349,1.000282
205.054782,0.999807
205.075216,0.999853
205.095649,0.999927
205.116083,0.999998
205.136516,1.000219
205.156950,1.000119
205.177383,1.000392
205.197817,1.000045
205.218250,1.000503
205.238684,1.000367
205.259117,0.999965
205.279551,1.000281
205.299984,1.000017
205.320417,1.000023
205.340851,1.000051
205.361284,1.000397
205.381718,0.999872
205.402151,0.999961
205.422585,1.000039
205.443018,0.999906
205.463452,0.999927
205.483885,1.000171
205.504319,1.000215
205.524752,1.000218
205.545186,0.999793
205.565619,1.000170
205.586052,0.999525
205.606486,0.994685
205.626919,0.991788
205.647353,0.990769
205.667786,0.990620
205.688220,0.991257
205.708653,0.993928
205.729087,0.999507
205.749520,0.999959
205.769954,1.000502
205.790387,1.000211
205.810820,0.999799
205.831254,1.000241
205.851687,1.000134
205.872121,0.999987
205.892554,1.000058
205.912988,0.999862
205.933421,1.000182
205.974288,0.999814
205.994722,1.000083
206.015155,0.999743
206.035588,0.999969
206.056022,0.999557
206.076455,0.999640
206.096889,0.999942
206.117322,0.999962
206.137756,0.999777
206.158189,0.999771
206.178623,0.999704
206.199056,0.999607
206.219490,1.000001
206.239923,0.999746
206.260356,0.999465
206.280790,0.999746
206.301223,0.999746
206.321657,0.999577
206.342090,1.000089
206.362524,0.999768
206.382957,1.000244
206.403391,1.000061
206.423824,1.000157
206.444258,1.000079
206.464691,0.999823
206.485124,1.000245
206.505558,0.999892
206.525991,0.999877
206.546425,0.999896
206.566858,1.001237
206.587292,0.999957
206.607725,0.999952
206.628158,0.999517
206.648592,0.999500
206.669025,0.999804
206.689459,0.999872
206.709892,1.000072
206.730326,1.000093
206.750759,0.999981
206.771193,0.999897
206.791626,1.000350
206.812060,1.000052
206.832493,1.000258
206.852926,0.999788
206.873360,1.000109
206.893793,1.000368
206.914227,1.000443
206.934660,1.000073
206.955094,1.000161
206.975527,1.000115
206.995961,1.000356
207.016394,1.000188
207.036827,1.000281
207.057261,1.000169
207.077694,1.000223
207.098128,1.000295
207.118561,1.000216
207.138995,1.000218
207.159428,1.000410
207.179861,1.000328
207.200295,1.000494
207.220728,1.000307
207.241162,1.000089
207.261595,1.000243
207.282029,0.999979
207.302462,1.000476
207.322895,1.000188
207.343329,1.000478
207.363762,1.000486
207.384196,1.000005
207.404629,0.999910
207.425063,1.000188
207.445496,1.000224
207.465929,1.000347
207.486363,1.000251
207.506796,1.000125
207.527230,1.000330
207.547663,1.000593
207.588530,1.000301
207.608964,1.000123
207.629397,1.000282
207.649830,0.999878
207.670264,1.000401
207.690697,1.000364
207.711131,1.000140
207.731564,1.000396
207.751998,1.000699
207.772431,1.000248
207.792864,0.999998
207.813298,1.000036
207.833731,1.000703
207.854165,1.000086
207.874598,1.000110
207.895032,1.000098
207.915465,0.999942
207.935898,0.999999
207.956332,1.000283
207.976765,0.999959
207.997199,0.999795
208.017632,1.000079
208.038065,0.999917
208.058499,1.000169
208.078932,0.999877
208.099366,1.000045
208.119799,0.999703
208.140233,1.000025
208.160666,0.999744
208.181099,1.000112
208.201533,1.000152
208.221966,0.999596
208.242400,0.999852
208.262833,1.000019
208.283267,0.999995
208.303700,1.000049
208.324133,0.999827
208.344567,0.999743
208.365000,0.999950
208.385434,1.000198
208.405867,1.000027
208.426301,1.000369
208.446734,0.999402
208.467167,0.999742
208.487601,0.999721
208.508034,0.999570
208.528468,0.999504
208.548901,0.999851
208.569335,1.000056
208.589768,0.999702
208.610201,0.999865
208.630635,0.999725
208.651068,0.999749
208.671502,0.999621
208.691935,0.999732
208.712369,1.000321
208.732802,0.999834
208.753235,0.999988
208.773669,0.999958
208.794102,1.000030
208.814536,0.999880
208.834969,0.999986
208.855402,0.999562
208.875836,0.999809
208.896269,0.999736
208.916703,0.999691
208.957569,0.999507
208.978003,0.999885
208.998436,0.999999
209.018870,1.000048
209.039303,0.999913
209.059736,0.999806
209.080170,0.999410
209.100603,0.999695
209.121037,0.997222
209.141470,0.992001
209.161904,0.991338
209.182337,0.991064
209.202770,0.991234
209.223204,0.992596
209.243637,0.997691
209.264071,0.999856
209.284504,0.999904
209.304937,0.999920
209.325371,1.000004
209.345804,1.000021
209.366238,0.999855
209.386671,1.000014
209.407104,1.000110
209.427538,0.999572
209.447971,1.000015
209.468405,1.000383
209.488838,1.000087
209.509272,0.999889
209.529705,1.000118
209.550138,1.000008
209.570572,0.999900
209.591005,1.000401
209.611439,1.000531
209.631872,1.000296
209.652305,0.999822
209.672739,1.000339
209.693172,1.000247
209.713606,1.000051
209.734039,1.000601
209.754472,1.000064
209.774906,1.000317
209.795339,0.999952
209.815773,1.000183
209.836206,1.000298
209.856639,1.000069
209.877073,0.999949
209.897506,1.000223
209.917940,0.999979
209.938373,1.000029
209.958806,1.000043
209.979240,1.000114
209.999673,1.000153
210.020107,1.000090
210.040540,1.000568
210.060973,1.001444
210.081407,1.000034
210.101840,1.000152
210.122274,0.999973
210.142707,1.000291
210.163140,1.000303
210.183574,1.000069
210.204007,1.000029
210.224441,1.000308
210.244874,1.000096
210.265307,1.000161
210.285741,1.000191
210.306174,1.000257
210.326608,0.999944
210.347041,1.000111
210.367474,1.000151
210.387908,1.000118
210.408341,1.000433
210.428775,1.000152
210.449208,1.000336
210.469641,1.000307
210.490075,1.000062
210.510508,1.000266
210.530942,0.999939
210.551375,1.000157
210.571808,1.000177
210.592242,1.000345
210.612675,0.999926
210.633108,1.000068
210.653542,0.999864
210.673975,1.000103
210.694409,1.000398
210.714842,1.000018
210.735275,1.000223
210.755709,0.999834
210.776142,0.999583
210.796576,1.000301
210.817009,1.000190
210.837442,0.999877
210.857876,1.000221
210.878309,1.000144
210.898742,1.000254
210.919176,1.000311
210.939609,1.000233
210.960043,1.000387
210.980476,1.000124
211.000909,1.000119
211.021343,1.000058
211.041776,1.000236
211.062210,1.000048
211.082643,1.000170
211.103076,1.000121
211.123510,0.999967
211.143943,0.999730
211.164376,0.999794
211.184810,0.999756
211.205243,0.999719
211.225677,0.999694
211.246110,0.999689
211.266543,0.999789
211.286977,0.999584
211.307410,0.999840
211.327844,0.999818
211.348277,1.000054
211.368710,0.999748
211.389144,1.000140
211.409577,0.999514
211.430010,1.000002
211.450444,0.999865
211.470877,0.999451
211.491311,0.999702
211.511744,0.999731
211.532177,0.999823
211.552611,0.999581
211.573044,0.999312
211.593478,0.999492
211.613911,0.999612
211.634344,0.999753
211.654778,0.999840
211.675211,0.999671
211.695644,0.999802
211.716078,0.999778
211.736511,0.999956
211.756944,0.999725
211.777378,0.999836
211.797811,0.999544
211.818245,1.000056
211.838678,0.999842
211.859111,0.999320
211.879545,0.999647
211.899978,0.999954
211.940845,0.999707
211.961278,1.000053
211.981712,0.999598
212.002145,0.999568
212.022578,1.000108
212.043011,0.999946
212.063445,0.999697
212.083878,0.999897
212.104311,0.999812
212.124745,0.999899
212.145178,0.999827
212.165611,0.999780
212.186045,0.999748
212.206478,0.999868
212.226912,0.999787
212.247345,0.999908
212.267778,0.999925
212.288212,0.999603
212.308645,1.000016
212.329078,1.000165
212.349512,0.999745
212.369945,1.000072
212.390378,0.999980
212.410812,0.999755
212.431245,0.999593
212.451679,0.999998
212.472112,0.999880
212.492545,0.999902
212.512979,0.999882
212.533412,0.999738
212.553845,1.000069
212.574279,0.999650
212.594712,0.999992
212.615146,1.000032
212.635579,0.999703
212.656012,0.993641
212.676446,0.991886
212.696879,0.991158
212.717312,0.991105
212.737746,0.991672
212.758179,0.995087
212.778612,0.999613
212.799046,0.999765
212.819479,1.000049
212.839913,0.999947
212.860346,0.999952
212.880779,0.999804
212.901213,0.999883
212.921646,0.999892
212.942079,0.999992
212.962513,0.999739
212.982946,1.000121
213.003379,1.000056
213.023813,0.999659
213.044246,0.999824
213.064679,0.999774
213.085113,0.999779
213.105546,0.999766
213.125980,0.999847
213.146413,0.999865
213.166846,1.000139
213.187280,0.999973
213.207713,0.999886
213.228146,0.999656
213.248580,1.000148
213.269013,0.999919
213.289446,0.999773
213.309880,0.998180
213.330313,0.997973
213.350746,0.997607
213.371180,0.998192
213.391613,0.997821
213.412047,0.998021
213.432480,0.998042
213.452913,0.999895
213.473347,0.999755
213.493780,0.999790
213.514213,1.000030
213.534647,0.999787
213.555080,0.999839
213.575513,1.000036
213.595947,0.999965
213.616380,1.000098
213.636813,0.999876
213.657247,0.999918
213.677680,1.000180
213.698113,0.999789
213.718547,0.999889
213.738980,1.000148
213.759414,1.000241
213.779847,0.999761
213.800280,0.999912
213.820714,1.000425
213.841147,1.000138
213.861580,0.999786
213.882014,0.999843
213.902447,1.000273
213.922880,1.000345
213.943314,0.999723
213.963747,1.000183
213.984180,0.999964
214.004614,1.000182
214.025047,0.999867
214.045480,1.000056
214.065914,0.999945
214.086347,0.999976
214.106780,1.000824
214.127214,1.000250
214.147647,1.000003
214.168080,0.999861
214.188514,1.000018
214.208947,1.000078
214.229380,1.000245
214.249814,1.000583
214.270247,1.000169
214.290680,1.000147
214.311114,0.999753
214.331547,0.999837
214.351981,0.999945
214.372414,0.999764
214.392847,1.000478
214.413281,1.000148
214.433714,1.000220
214.454147,1.000432
214.474581,1.000140
214.495014,1.000036
214.515447,1.000269
214.535881,1.000308
214.556314,0.999949
214.576747,1.000636
214.597181,1.000312
214.617614,1.000226
214.638047,1.000174
214.658481,1.000325
214.678914,0.999937
214.699347,0.999980
214.719781,1.000300
214.740214,1.000141
214.760647,1.000224
214.781081,1.000401
214.801514,0.999979
214.821947,1.000202
214.842381,1.000201
214.862814,1.000144
214.883247,1.000196
214.924114,0.999927
214.944547,1.000166
214.964981,1.000200
214.985414,1.000000
215.005847,1.000216
215.026281,1.000039
215.046714,1.000161
215.067147,1.000509
215.087581,1.000110
215.108014,1.000031
215.128447,1.000107
215.148881,1.000394
215.169314,1.000065
215.189747,0.999824
215.210181,1.000359
215.230614,0.999813
215.251047,1.000106
215.271481,1.000103
215.291914,1.000145
215.312347,1.000097
215.332781,1.000105
215.353214,0.999952
215.373647,1.000268
215.394081,0.999947
215.414514,0.999942
215.434947,0.999878
215.455381,1.000037
215.475814,0.999978
215.496247,1.000057
215.516680,0.999874
215.537114,0.999977
215.557547,0.999950
215.577980,1.000215
215.598414,1.000030
215.618847,0.999798
215.639280,1.000128
215.659714,0.999837
215.680147,1.000282
215.700580,1.000011
215.721014,1.000138
215.741447,0.999980
215.761880,0.999887
215.802747,0.999825
215.823180,0.999917
215.843614,0.999886
215.864047,0.999958
215.884480,0.999551
215.904914,0.999906
215.925347,1.000179
215.945780,1.000333
215.966214,0.999968
215.986647,0.999814
216.007080,0.999653
216.027514,0.999734
216.047947,0.999714
216.068380,0.999916
216.088814,0.999771
216.109247,1.000254
216.129680,1.000035
216.150113,0.999275
216.170547,0.996131
216.190980,0.991852
216.211413,0.990725
216.231847,0.991102
216.252280,0.991868
216.272713,0.993151
216.293147,0.998914
216.313580,1.000636
216.334013,1.000112
216.354447,1.000008
216.374880,1.000348
216.395313,1.000545
216.415747,0.999883
216.436180,0.999995
216.456613,1.000253
216.477046,1.000474
216.497480,1.000026
216.517913,1.000104
216.538346,1.000565
216.558780,1.000383
216.579213,1.000304
216.599646,1.000336
216.620080,1.000254
216.640513,1.000712
216.660946,1.000250
216.681380,1.000639
216.701813,1.000239
216.722246,1.000209
216.742680,1.000307
216.763113,1.000230
216.783546,1.000574
216.803979,1.000489
216.824413,1.000294
216.844846,1.000458
216.865279,1.000318
216.885713,1.000306
216.906146,1.000138
216.926579,1.000245
216.947013,1.000064
216.967446,1.000201
216.987879,1.000492
217.008313,1.000135
217.028746,1.000622
217.049179,1.000462
217.069612,1.000448
217.090046,1.000669
217.110479,1.000071
217.130912,1.000403
217.151346,1.000547
217.171779,1.000565
217.192212,1.000449
217.212646,1.000453
217.233079,1.000017
217.253512,1.000140
217.273945,1.000062
217.294379,1.000393
217.314812,1.000496
217.335245,1.000301
217.355679,1.000202
217.376112,1.000188
217.396545,1.000270
217.416979,1.000426
217.437412,1.000356
217.457845,1.000078
217.478278,1.000228
217.498712,1.000010
217.519145,1.000068
217.539578,0.999953
217.560012,1.000202
217.580445,0.999710
217.600878,1.000305
217.621312,0.999936
217.641745,1.000409
217.662178,1.000213
217.682611,1.000141
217.703045,1.000005
217.723478,1.000175
217.743911,1.000097
217.764345,0.999944
217.805211,1.000141
217.825645,1.000319
217.846078,0.999831
217.866511,1.000121
217.907378,0.999735
217.927811,0.999436
217.948244,0.999963
217.968678,0.999721
217.989111,0.999751
218.009544,0.999814
218.029978,0.999541
218.050411,0.999615
218.070844,0.999618
218.091277,0.999713
218.111711,0.999787
218.132144,0.999857
218.152577,1.000171
218.193444,1.000070
218.213877,0.999673
218.234310,0.999682
218.254744,0.999865
218.275177,0.999630
218.295610,0.999958
218.316044,0.999415
218.336477,0.999664
218.356910,0.999642
218.377343,0.999489
218.397777,0.999920
218.418210,0.999796
218.438643,0.999825
218.459076,0.999698
218.479510,0.999708
218.499943,0.999588
218.520376,0.999723
218.540810,0.999710
218.561243,0.999677
218.581676,0.999714
218.602110,0.999942
218.622543,0.999615
218.642976,0.999708
218.663409,0.999447
218.683843,0.999585
218.704276,0.999572
218.724709,0.999604
218.745143,0.999983
218.765576,0.999843
218.786009,0.999815
218.806442,0.999720
218.826876,0.999533
218.847309,0.999808
218.867742,0.999501
218.888176,0.999927
218.908609,0.999426
218.929042,0.999757
218.949475,0.999672
218.969909,0.999957
218.990342,0.999768
219.010775,0.999528
219.031209,0.999661
219.051642,1.000022
219.072075,0.999812
219.092508,0.999793
219.112942,0.999807
219.133375,0.999782
219.153808,1.000128
219.174241,0.999760
219.194675,0.999727
219.215108,0.999709
219.235541,0.999928
219.255975,0.999749
219.276408,0.999826
219.296841,0.999900
219.317274,0.999650
219.337708,1.000058
219.358141,0.999933
219.378574,0.999780
219.399007,1.000242
219.419441,0.999748
219.439874,0.999972
219.460307,1.000193
219.480741,0.999986
219.501174,0.999860
219.521607,0.999943
219.542040,1.000097
219.562474,1.000056
219.582907,1.000081
219.603340,1.000176
219.623774,0.999991
219.644207,1.000079
219.664640,0.999781
219.685073,0.998518
219.705507,0.992610
219.725940,0.991182
219.746373,0.990710
219.766806,0.991110
219.787240,0.991662
219.807673,0.996733
219.828106,0.999877
219.848540,0.999864
219.868973,1.000052
219.889406,0.999800
219.909839,0.999798
219.930273,1.000010
219.950706,0.999786
219.971139,0.999607
219.991572,1.000138
220.012006,1.000120
220.032439,0.999950
220.052872,0.999791
220.073305,1.000166
220.093739,0.999991
220.114172,0.999984
220.134605,0.999838
220.155038,0.999676
220.175472,0.999901
220.195905,0.999778
220.216338,1.000057
220.236771,0.999636
220.257205,0.999733
220.277638,0.999830
220.298071,0.999775
220.318505,0.999694
220.338938,1.000016
220.359371,1.000003
220.379804,0.999824
220.400238,0.999944
220.420671,0.999876
220.441104,0.999997
220.461537,0.999621
220.481971,0.999718
220.502404,0.999777
220.522837,0.999455
220.543271,0.999944
220.563704,1.000088
220.584137,0.999789
220.604570,0.999389
220.625003,0.999969
220.645437,0.999872
220.665870,0.999628
220.686303,0.999955
220.706737,0.999750
220.727170,0.999804
220.747603,0.999848
220.768036,1.000010
220.788470,0.999629
220.808903,0.999822
220.829336,0.999916
220.849769,1.000016
220.890636,0.999578
220.911069,0.999654
220.931502,0.999454
220.951936,0.999668
220.972369,0.999540
220.992802,0.999826
221.013235,0.999537
221.033669,0.999578
221.054102,0.999886
221.074535,0.999938
221.094968,0.999726
221.115402,0.999462
221.135835,0.999804
221.156268,0.999694
221.176701,0.999876
221.197135,0.999478
221.217568,0.999934
221.238001,0.999983
221.258434,0.999884
221.278868,0.999768
221.299301,0.999524
221.319734,0.999738
221.340167,0.999836
221.360601,0.999805
221.381034,1.000023
221.401467,0.999973
221.421900,0.999844
221.442334,0.999848
221.462767,0.999530
221.483200,1.000133
221.503633,0.999734
221.524067,1.000145
221.544500,0.999903
221.564933,0.999617
221.585366,0.999626
221.605800,1.000064
221.626233,0.999806
221.646666,1.000053
221.667099,0.999693
221.687533,0.999648
221.707966,1.000226
221.728399,0.999911
221.748832,1.000104
221.769266,0.999616
221.789699,1.000043
221.810132,0.999904
221.830565,1.000053
221.850999,0.999780
221.871432,1.000374
221.891865,1.000276
221.912298,1.000326
221.932732,1.000195
221.953165,1.000156
221.973598,1.000173
221.994031,1.000035
222.014464,1.000143
222.034898,1.000133
222.055331,0.999918
222.075764,1.000085
222.096197,1.000258
222.116631,1.000321
222.137064,1.000118
222.157497,1.000906
222.177930,1.000199
222.198364,1.000161
222.218797,0.998211
222.239230,0.998366
222.259663,0.998417
222.280097,0.998263
222.300530,0.998592
222.320963,0.998300
222.341396,0.998445
222.361830,0.998352
222.382263,1.000288
222.402696,1.000382
222.423129,1.000332
222.443563,1.000465
222.463996,1.000403
222.484429,1.000379
222.504862,1.000198
222.525296,1.000608
222.545729,1.000029
222.566162,1.000658
222.586595,1.000092
222.607028,1.000465
222.627462,1.000471
222.647895,1.000004
222.668328,1.000348
222.688761,1.000539
222.709195,1.000238
222.729628,1.000410
222.750061,1.000131
222.770494,1.000154
222.790927,1.000406
222.811361,0.999957
222.831794,1.000416
222.852227,1.000338
222.872660,1.000584
222.893094,1.000249
222.913527,1.000081
222.933960,1.000343
222.954393,1.000327
222.974826,1.000473
222.995260,1.000644
223.015693,1.000413
223.036126,1.000257
223.056559,1.000575
223.076993,1.000381
223.097426,1.000276
223.117859,1.000042
223.138292,1.000255
223.158726,1.000329
223.179159,0.999995
223.199592,1.000088
223.220025,0.995022
223.240458,0.991741
223.260892,0.990513
223.281325,0.990969
223.301758,0.991511
223.322191,0.994067
223.342625,0.999009
223.363058,0.999484
223.383491,0.999728
223.403924,1.000011
223.424357,1.000527
223.444791,0.999989
223.465224,1.000457
223.873888,0.999828
223.894322,0.999546
223.914755,0.999640
223.935188,0.999664
223.955621,1.000288
223.976054,0.999723
223.996488,0.999611
224.016921,0.999955
224.037354,0.999471
224.057787,0.999585
224.078221,0.999878
224.098654,0.999766
224.119087,0.999788
224.139520,0.999944
224.159953,1.000011
224.180387,0.999774
224.200820,0.999723
224.221253,1.000054
224.241686,0.999913
224.262119,0.999813
224.282553,0.999979
224.302986,0.999617
224.323419,0.999962
224.343852,0.999894
224.364285,0.999702
224.384719,0.999763
224.405152,1.000002
224.425585,1.000102
224.446018,0.999957
224.466451,0.999633
224.486885,0.999998
224.507318,0.999954
224.527751,1.000112
224.548184,1.000301
224.568618,1.000188
224.589051,1.000050
224.609484,0.999866
224.629917,1.000089
224.650350,1.000049
224.670784,1.000019
224.691217,0.999716
224.711650,1.000177
224.732083,0.999829
224.752516,1.000180
224.772950,1.000104
224.793383,1.000089
224.813816,1.000179
224.834249,0.999860
224.854683,0.999849
224.875116,1.000326
224.895549,1.000054
224.915982,1.000018
224.936415,1.000187
224.956848,0.999859
224.977282,0.999796
224.997715,0.999976
225.018148,1.000025
225.038581,1.000198
225.059015,1.000265
225.079448,1.000314
225.099881,0.999961
225.120314,0.999937
225.140747,0.999789
225.161181,1.000372
225.181614,0.999939
225.202047,1.000012
225.222480,1.000004
225.242913,1.000092
225.263346,1.000077
225.283780,1.000115
225.304213,0.999997
225.324646,0.999660
225.345079,0.999729
225.365513,1.000056
225.385946,0.999969
225.406379,1.000154
225.426812,1.000359
225.447245,1.000072
225.467678,1.000272
225.488112,0.999778
225.508545,0.999866
225.528978,0.999569
225.549411,1.000004
225.569844,0.999943
225.590278,0.999781
225.610711,0.999934
225.631144,0.999843
225.651577,0.999983
225.672010,0.999788
225.692444,1.000211
225.712877,0.999944
225.733310,1.000216
225.753743,1.000257
225.774176,1.000261
225.794610,1.000523
225.815043,0.999997
225.835476,1.000229
225.855909,0.999739
225.876342,0.999737
225.896776,0.999855
225.917209,1.000189
225.937642,1.000059
225.958075,1.000249
225.978508,1.000354
225.998942,1.000256
226.019375,1.000058
226.039808,1.000259
226.060241,1.000304
226.080674,1.000001
226.101107,1.000142
226.121541,0.999763
226.141974,0.999815
226.162407,0.999850
226.182840,1.000039
226.203273,0.999786
226.223707,1.000169
226.244140,0.999624
226.264573,1.000235
226.285006,0.999902
226.305439,1.000143
226.325872,0.999678
226.346306,0.999858
226.366739,0.999674
226.387172,1.000142
226.407605,1.000241
226.428039,1.000196
226.448472,1.000097
226.468905,1.000176
226.489338,0.999937
226.509771,0.999901
226.530204,1.000252
226.550638,0.999832
226.571071,1.000203
226.591504,1.000075
226.611937,1.000310
226.632370,1.000116
226.652803,0.999793
226.673237,1.000007
226.693670,1.000085
226.714103,1.000222
226.734536,0.997334
226.754970,0.992205
226.795836,0.991000
226.816269,0.990919
226.857135,0.998201
226.877569,0.999743
226.898002,1.000040
226.918435,0.999851
226.938868,0.999697
226.959301,0.999622
226.979734,0.999927
227.000168,1.000213
227.020601,0.999908
227.041034,0.999751
227.061467,0.999776
227.081900,0.999972
227.102333,0.999745
227.122767,0.999957
227.143200,0.999851
227.163633,1.000005
227.184066,0.999830
227.204499,1.000109
227.224933,0.999678
227.245366,1.000226
227.265799,0.999826
227.286232,0.999629
227.306665,1.000026
227.327098,0.999661
227.347532,1.000647
227.367965,0.999715
227.388398,0.999992
227.408831,1.000542
227.429264,1.000235
227.449697,1.000051
227.470131,1.000288
227.490564,1.000326
227.510997,1.000352
227.531430,1.000326
227.551863,0.999891
227.572296,1.000591
227.592730,1.000103
227.613163,1.000075
227.633596,1.000069
227.654029,0.999904
227.674462,0.999939
227.694895,1.000135
227.715329,1.000332
227.735762,1.000194
227.756195,0.999973
227.776628,1.000000
227.797061,1.000251
227.817495,0.999859
227.837928,1.000081
227.858361,1.000075
227.878794,0.999913
227.899227,1.000316
227.919660,0.999909
227.940094,0.999954
227.960527,0.999829
227.980960,1.000000
228.001393,1.000088
228.021826,0.999877
228.042259,1.000314
228.062693,0.999968
228.083126,1.000572
228.103559,0.999961
228.123992,0.999991
228.144425,0.999992
228.164858,0.999856
228.185292,0.999911
228.205725,1.000239
228.226158,1.000200
228.246591,0.999911
228.267024,0.999879
228.287457,1.000014
228.307890,0.999944
228.328324,0.999700
228.348757,1.000182
228.369190,1.000383
228.389623,1.000138
228.410056,1.000331
228.430489,0.999921
228.450923,0.999825
228.471356,0.999824
228.491789,1.000149
228.512222,1.000097
228.532655,0.999974
228.553088,0.999978
228.573521,1.000064
228.593955,0.999871
228.614388,0.999884
228.634821,0.999966
228.655254,0.999990
228.675687,0.999929
228.696120,0.999684
228.716554,0.999884
228.736987,0.999843
228.757420,0.999692
228.777853,1.000199
228.798286,0.999944
228.818719,1.000044
228.839153,1.000005
228.859586,1.000024
228.880019,0.999961
228.900452,0.999751
228.920885,0.999913
228.941318,1.000202
228.961752,1.000143
228.982185,0.999996
229.002618,1.000565
229.023051,1.000182
229.043484,1.000170
229.063917,0.999834
229.084350,1.000276
229.104784,0.999721
229.125217,0.999683
229.145650,1.000078
229.166083,1.000156
229.186516,1.000028
229.206949,1.000148
229.227382,0.999791
229.247816,1.000018
229.268249,0.999794
229.288682,0.999981
229.309115,0.999921
229.329548,1.000152
229.349981,0.999997
229.370415,0.999910
229.390848,1.000172
229.411281,1.000040
229.431714,0.999822
229.452147,1.000166
229.472580,1.000266
229.493013,0.999978
229.513447,1.000479
229.533880,0.999906
229.554313,0.999932
229.574746,1.000031
229.595179,1.000014
229.615612,1.000376
229.636045,1.000242
229.656479,1.000303
229.676912,1.000449
229.697345,1.000143
229.717778,1.000095
229.738211,0.999609
229.758644,0.999932
229.779078,1.000019
229.799511,0.999817
229.840377,1.000273
229.860810,1.000150
229.881243,1.000093
229.901676,1.000218
229.922109,1.000329
229.942543,0.999948
229.962976,1.000007
229.983409,1.000092
230.003842,0.999841
230.024275,1.000142
230.044708,1.000010
230.065141,0.999961
230.085575,0.999950
230.106008,1.000597
230.126441,1.000021
230.146874,1.000110
230.167307,0.999714
230.187740,0.999934
230.208173,0.999975
230.228607,1.000108
230.249040,0.999420
230.269473,0.993369
230.289906,0.991545
231.393295,1.001441
231.413728,1.001716
231.434161,1.001246
231.454594,1.001270
231.475028,1.001340
231.495461,1.001193
231.515894,1.001453
231.536327,1.001379
231.556760,1.000962
231.577193,1.001173
231.597626,1.001391
231.618059,1.000962
231.638493,1.001142
231.658926,1.001074
231.679359,1.001061
231.699792,1.001137
231.720225,1.001288
231.740658,1.000678
231.761091,1.000642
231.781525,1.000818
231.801958,1.000898
231.822391,1.001127
231.842824,1.000949
231.863257,1.000715
231.883690,1.000821
231.904123,1.000341
231.924556,1.000400
231.944989,1.000858
231.965423,1.000731
231.985856,1.000474
232.006289,1.000547
232.026722,1.000526
232.047155,1.000209
232.067588,1.000604
232.088021,1.000489
232.108454,1.000218
232.128887,1.000213
232.149321,1.000300
232.169754,1.000403
232.190187,1.000554
232.210620,1.000473
232.231053,1.000508
232.251486,1.000360
232.271919,0.999947
232.292352,1.000197
232.312785,1.000129
232.333219,1.000522
232.353652,1.000082
232.374085,1.000214
232.394518,1.000217
232.414951,1.000169
232.435384,1.000385
232.455817,1.000013
232.476250,1.000135
232.496684,0.999971
232.517117,0.999782
232.537550,1.000295
232.557983,0.999978
232.578416,1.000137
232.598849,1.000284
232.619282,0.999914
232.639715,0.999979
232.660148,1.000001
232.680582,0.999879
232.701015,0.999940
232.721448,1.000239
232.741881,1.000667
232.762314,1.000348
232.803180,1.000027
232.823613,0.999912
232.844046,0.999968
232.864480,1.000194
232.884913,1.000084
232.905346,0.999758
232.925779,0.999739
232.946212,0.999801
232.966645,0.999885
232.987078,0.999830
233.007511,0.999816
233.027944,1.000039
233.048378,0.999709
233.068811,0.999652
233.089244,0.999882
233.109677,1.000008
233.130110,0.999810
233.150543,0.999725
233.170976,0.999592
233.191409,1.000000
233.211842,0.999848
233.232275,0.999891
233.252708,1.000185
233.273142,0.999756
233.293575,0.999508
233.314008,1.000065
233.334441,0.999865
233.354874,0.999805
233.375307,0.999480
233.395740,0.999843
233.416173,0.999717
233.436606,0.999734
233.457039,0.999535
233.477473,0.999627
233.497906,0.999542
233.518339,0.999756
233.538772,0.999975
233.559205,0.999759
233.579638,0.999499
233.600071,0.999907
233.620504,0.999485
233.640937,0.999515
233.661370,0.999665
233.681804,0.999849
233.702237,0.999749
233.722670,0.999417
233.743103,0.999457
233.763536,0.998450
233.783969,0.995326
233.804402,0.991492
233.824835,0.990614
233.845268,0.990624
233.865701,0.991276
233.886134,0.993262
233.906568,0.999358
233.927001,0.999908
233.947434,0.999727
233.967867,0.999700
233.988300,1.000058
234.008733,0.999706
234.029166,0.999657
234.049599,0.999765
234.070032,0.999994
234.090465,1.000190
234.110899,0.999946
234.131332,0.999993
234.151765,0.999958
234.172198,0.999912
234.192631,1.000180
234.213064,0.999781
234.233497,1.000006
234.253930,0.999923
234.274363,1.000060
234.294796,0.999855
234.315230,1.000160
234.335663,0.999873
234.356096,1.000234
234.376529,0.999635
234.396962,1.000062
234.417395,0.999812
234.437828,1.000100
234.458261,0.999808
234.478694,0.999759
234.499127,0.999729
234.519560,0.999839
234.539994,0.999922
234.560427,0.999741
234.580860,1.000259
234.601293,1.000065
234.621726,0.999699
234.642159,1.000250
234.662592,0.999876
234.683025,0.999932
234.703458,1.000027
234.723891,1.000120
234.744324,1.000098
234.764757,0.999877
234.785191,0.999933
234.805624,0.999898
234.826057,1.000218
234.846490,1.000043
234.866923,0.999924
234.887356,1.000048
234.907789,0.999956
234.928222,1.000390
234.948655,1.000118
234.969088,1.000090
234.989521,1.000230
235.009954,0.999969
235.030388,1.000000
235.050821,0.999964
235.071254,1.000110
235.091687,0.999991
235.112120,0.999980
235.132553,0.999608
235.152986,1.000236
235.173419,1.000098
235.193852,1.000381
235.214285,0.999750
235.234718,0.999599
235.255151,0.999967
235.275585,0.999922
235.296018,1.000114
235.316451,1.000066
235.336884,1.000230
235.357317,1.000038
235.377750,1.000176
235.398183,0.999869
235.418616,0.999845
235.439049,1.000156
235.459482,0.999834
235.479915,1.000043
235.500348,0.999666
235.520781,0.999726
235.541215,0.999863
235.561648,0.999860
235.582081,0.999724
235.602514,0.999684
235.622947,0.999706
235.643380,0.999937
235.663813,0.999873
235.684246,1.000038
235.704679,1.000089
235.725112,0.999915
235.745545,0.999887
235.786411,0.999827
235.806844,1.000276
235.827278,0.999963
235.847711,1.000110
235.868144,1.000075
235.888577,0.999931
235.909010,0.999961
235.929443,1.000346
235.949876,1.000471
235.970309,0.999863
235.990742,1.000332
236.011175,1.000031
236.031608,1.000058
236.052041,0.999897
236.072474,1.000310
236.092908,1.000258
236.113341,1.000050
236.133774,1.000641
236.154207,0.999949
236.174640,1.000072
236.195073,1.000039
236.215506,0.999994
236.235939,0.999922
236.256372,0.999882
236.276805,0.999945
236.297238,1.000198
236.317671,1.000248
236.338104,1.000180
236.358537,1.000198
236.378971,1.000171
236.399404,1.000399
236.419837,0.999848
236.440270,1.000168
236.460703,1.000056
236.481136,0.999963
236.501569,0.999883
236.522002,1.000065
236.542435,0.999962
236.562868,0.999844
236.583301,0.999833
236.603734,1.000063
236.624167,1.000128
236.644600,1.000107
236.665033,0.999855
236.685466,1.000089
236.705900,0.999732
236.726332,0.999793
236.746766,1.000154
236.767199,1.000014
236.787632,1.000525
236.808065,0.999729
236.828498,0.999923
236.848931,1.000042
236.869364,1.000179
236.889797,1.000255
236.910230,1.000130
236.930663,1.000117
236.951096,0.999873
236.971529,1.000268
236.991962,1.000037
237.012395,1.000233
237.032829,1.000033
237.053262,0.999725
237.073695,0.999929
237.094128,1.000268
237.114561,1.000200
237.134994,1.000381
237.155427,1.000166
237.175860,1.000016
237.196293,1.000169
237.216726,1.000061
237.237159,0.999909
237.257592,1.000000
237.278025,1.000149
237.298458,0.998657
237.318891,0.992524
237.339324,0.991233
237.359757,0.990379
237.380190,0.990734
237.400624,0.992070
237.421057,0.997103
237.441490,1.000054
237.461923,0.999470
237.482356,0.999736
237.502789,0.999749
237.523222,0.999578
237.543655,0.999799
237.564088,0.999601
237.584521,1.000183
237.604954,1.000201
237.625387,1.001112
237.645820,1.000103
237.666253,0.999819
237.686686,0.999933
237.707119,1.000113
237.727552,0.999712
237.747985,0.999829
237.768418,0.999750
237.788852,0.999675
237.809285,0.999785
237.829718,0.999850
237.850151,0.999984
237.870584,0.999371
237.891017,1.000074
237.911450,0.999989
237.931883,0.999828
237.952316,0.999875
237.972749,1.000001
237.993182,0.999972
238.013615,0.999905
238.034048,0.999713
238.054481,0.999947
238.074914,1.000010
238.095347,0.999928
238.115780,0.999932
238.136213,0.999746
238.156646,0.999966
238.177080,1.000196
238.197512,0.999856
238.217946,0.999916
238.238379,1.000622
238.258812,1.000205
238.279245,1.000287
238.299678,0.999789
238.320111,1.000096
238.340544,0.999848
238.360977,0.999722
238.381410,1.000688
238.401843,0.999701
238.422276,0.999838
238.442709,1.000405
238.463142,1.000035
238.483575,0.999966
238.504008,0.999995
238.524441,1.000311
238.544874,1.000177
238.565307,1.000058
238.585740,0.999894
238.606173,1.000115
238.626606,1.000106
238.647040,1.000062
238.667473,1.000046
238.687906,1.000110
238.708339,1.000067
238.728772,1.000185
238.769638,0.999957
238.790071,1.000348
238.810504,1.000077
238.830937,1.000352
238.851370,1.000002
238.871803,1.000718
238.892236,1.000027
238.912669,1.000190
238.933102,1.000124
238.953535,1.000191
238.973968,1.000053
238.994401,0.999918
239.014834,0.999985
239.035267,1.000204
239.055700,1.000144
239.076133,1.000617
239.096566,1.000197
239.116999,1.000179
239.137432,1.000385
239.157865,1.000397
239.178299,1.000248
239.198731,1.000417
239.219165,0.999933
239.239598,1.000281
239.260031,1.000034
239.280464,1.000106
239.300897,1.000057
239.321330,1.000243
239.341763,1.000267
239.362196,1.000047
239.382629,0.999929
239.403062,0.999887
239.423495,1.000131
239.443928,1.000016
239.464361,1.000050
239.484794,1.000119
239.505227,1.000182
239.525660,0.999792
239.546093,0.999920
239.566526,0.999968
239.586959,1.000095
239.607392,1.000107
239.627825,0.999929
239.648258,1.000165
239.668691,1.000137
239.689124,0.999948
239.709557,1.000036
239.729990,0.999694
239.750423,1.000061
239.770856,0.999528
239.791290,0.999897
239.811723,1.000039
239.832155,0.999871
239.852589,1.000138
239.873022,0.999690
239.893455,1.000051
239.913888,1.000151
239.934321,0.999804
239.954754,0.999829
239.975187,0.999800
239.995620,0.999833
240.016053,1.000013
240.036486,1.000003
240.056919,0.997770
240.077352,0.997806
240.097785,0.997906
240.118218,0.997865
240.138651,0.997932
240.159084,0.998283
240.179517,0.997622
240.199950,0.997769
240.220383,0.999690
240.240816,0.999779
240.261249,1.000185
240.281682,0.999749
240.302115,1.000048
240.322548,1.000158
240.342981,1.000005
240.383847,1.000104
240.404280,1.000010
240.424713,1.000202
240.445146,1.000283
240.465579,0.999782
240.486012,0.999876
240.506445,0.999954
240.526878,0.999948
240.547311,0.999843
240.567744,0.999811
240.588177,0.999804
240.608610,0.999958
240.629043,0.999977
240.649476,1.000000
240.669910,1.000073
240.690343,0.999699
240.710776,0.999821
240.731209,1.000300
240.751642,0.999586
240.772075,0.999904
240.792508,1.000030
240.812941,0.999939
240.833374,0.994134
240.853807,0.991693
240.874240,0.991227
240.894673,0.990801
240.915106,0.991668
240.935539,0.994434
240.955972,0.999362
240.976405,0.999613
240.996838,0.999705
241.017271,0.999608
241.037704,0.999465
241.058137,0.999959
241.078570,0.999823
241.099003,0.999995
241.119436,0.999862
241.139869,0.999955
241.160302,0.999769
241.180735,0.999821
241.201168,1.000156
241.221601,0.999604
241.242034,0.999966
241.262467,0.999495
241.282900,0.999804
241.303333,0.999969
241.323766,0.999857
241.344199,1.000048
241.364632,1.000428
241.385065,1.000064
241.405498,0.999957
241.425931,0.999966
241.446364,0.999814
241.466797,0.999736
241.487230,0.999715
241.507663,0.999923
241.528096,0.999979
241.548529,0.999658
241.568962,1.000093
241.589395,0.999685
241.609828,1.000002
241.630261,0.999978
241.650694,1.000047
241.671127,1.000041
241.691560,1.000085
241.711993,1.000028
241.752859,1.000218
241.773292,0.999730
241.793725,1.000114
241.814158,1.000196
241.834591,0.999879
241.855024,0.999967
241.875457,0.999923
241.895890,1.000085
241.916323,0.999983
241.936756,1.000305
241.957189,1.000446
241.977622,1.000080
241.998055,1.000041
242.018488,1.000061
242.038921,1.000343
242.059354,1.000257
242.079787,1.000096
242.100220,1.000227
242.120653,0.999881
242.141086,1.000128
242.161519,1.000236
242.181952,1.000286
242.202385,1.000166
242.222818,1.000591
242.243251,0.999944
242.263684,1.000416
242.284117,1.000072
242.304550,1.000043
242.324983,1.000063
242.345416,1.000347
242.365849,1.000222
242.386282,1.000320
242.406715,1.000247
242.427148,1.000076
242.447581,0.999831
242.468014,0.999733
242.508880,1.000025
242.529313,1.000139
242.549746,0.999855
242.570179,1.000151
242.590612,0.999969
242.611045,1.000102
242.631478,1.000017
242.651911,0.999844
242.672344,0.999879
242.692777,1.000121
242.713210,0.999533
242.733643,1.000010
242.754076,0.999825
242.774509,1.000023
242.794942,1.000171
242.815375,1.000190
242.835808,0.999906
242.856241,1.000208
242.876674,0.999847
242.897107,0.999775
242.917540,0.999825
242.937973,0.999942
242.958406,1.000198
242.978839,1.000023
242.999272,1.000147
243.019705,0.999870
243.040138,1.000409
243.060571,1.000099
243.081004,0.999900
243.101437,0.999566
243.121870,0.999900
243.142303,1.000326
243.162736,1.000103
243.183169,1.000162
243.203602,0.999819
243.224035,0.999813
243.244468,1.000038
243.264901,0.999991
243.285334,0.999986
243.305767,0.999686
243.326200,1.000026
243.346633,0.999772
243.367066,0.999793
243.387499,1.000297
243.407932,0.999933
243.428365,0.999822
243.448798,0.999806
243.469231,1.000248
243.489664,0.999659
243.510097,0.999616
243.530530,0.999884
243.550963,0.999792
243.571396,0.999818
243.591829,0.999939
243.612262,0.999774
243.632695,1.000045
243.653128,1.000360
243.673561,0.999743
243.693994,0.999977
243.714427,0.999823
243.734860,0.999669
243.755293,0.999656
243.775726,1.000027
243.796159,0.999683
243.816592,0.999786
243.837025,0.999987
243.857458,1.000082
243.877891,1.000077
243.898324,0.999766
243.918757,1.000203
243.939190,0.999936
243.959623,1.000178
243.980056,1.000124
244.000489,1.000151
244.020922,1.000250
244.041355,0.999859
244.061788,1.000362
244.082221,0.999998
244.102654,1.000009
244.123087,1.000241
244.143520,1.000225
244.163953,1.000121
244.184386,1.000222
244.204819,1.000034
244.225252,1.000120
244.245685,1.000096
244.266118,0.999963
244.286551,1.000110
244.306984,1.000067
244.327417,1.000025
244.347850,0.997568
244.368283,0.992326
244.388715,0.991551
244.409148,0.991084
244.429582,0.991307
244.450014,0.992835
244.470447,0.998263
244.490880,1.000152
244.511313,1.000477
244.531746,1.000068
244.552179,1.000287
244.572612,0.999878
244.593045,0.999849
244.613478,1.000131
244.633911,0.999985
244.654344,0.999770
244.674777,0.999896
244.695210,1.000273
244.736076,0.999845
244.756509,0.999974
244.776942,0.999788
244.797375,1.000042
244.817808,0.999956
244.838241,0.999905
244.858674,1.000127
244.879107,1.000010
244.899540,0.999496
244.919973,1.000070
244.940406,0.999938
244.960839,0.999988
244.981272,0.999869
245.001705,0.999791
245.022138,0.999779
245.042571,0.999801
245.063004,1.000087
245.083437,1.000192
245.103870,0.999459
245.124303,0.999982
245.144736,0.999573
245.165169,0.999927
245.185602,0.999499
245.206035,1.000061
245.226468,0.999942
245.246900,0.999668
245.267333,0.999496
245.287766,0.999923
245.308199,0.999591
245.328632,0.999617
245.349065,0.999860
245.369498,0.999359
245.389931,0.999763
245.410364,0.999647
245.430797,0.999599
245.451230,0.999592
245.471663,1.000013
245.492096,0.999818
245.512529,0.999936
245.532962,0.999755
245.553395,1.000942
245.573828,0.999598
245.594261,0.999913
245.614694,0.999886
245.635127,0.999916
245.655560,1.000148
245.675993,1.000077
245.696426,1.000065
245.716859,1.000007
245.737292,1.000099
245.757725,0.999774
245.778158,1.000049
245.798591,0.999866
245.819024,0.999961
245.839457,1.000161
245.859890,0.999876
245.880323,0.999889
245.900755,0.999919
245.921189,0.999995
245.962054,0.999969
245.982487,1.000088
246.002920,1.000228
246.023353,1.000077
246.043786,1.000292
246.064219,0.999729
246.084652,1.000015
246.105085,1.000093
246.125518,0.999529
246.145951,1.000105
246.166384,1.000454
246.207250,0.999946
246.227683,1.000078
246.248116,1.000303
246.268549,0.999997
246.288982,1.000061
246.309415,1.000044
246.329848,0.999956
246.350281,0.999784
246.370714,0.999945
246.391147,0.999990
246.411580,1.000109
246.432013,1.000260
246.452445,0.999849
246.472878,0.999847
246.493311,1.000116
246.513744,0.999931
246.534177,0.999975
246.554610,0.999874
246.575043,1.000003
246.595476,0.999949
246.615909,1.000134
246.636342,1.000140
246.656775,1.000112
246.677208,0.999843
246.697641,1.000264
246.718074,0.999824
246.738507,0.999998
246.758940,1.000058
246.779373,1.000026
246.799806,1.000045
246.820239,1.000040
246.840672,1.000592
246.861105,1.000118
246.881538,0.999959
246.901971,1.000163
246.922404,1.000289
246.942837,1.000013
246.963269,0.999928
246.983702,0.999829
247.004135,1.000350
247.024568,1.000133
247.045001,1.000234
247.065434,0.999903
247.085867,1.000067
247.106300,1.000149
247.126733,0.999997
247.147166,0.999927
247.167599,1.000169
247.188032,1.000480
247.208465,1.000074
247.228898,1.000322
247.249331,1.000232
247.269764,1.000230
247.290197,1.000107
247.310630,1.000013
247.331063,1.000002
247.351496,0.999873
247.371929,1.000002
247.392361,1.000160
247.412794,1.000359
247.433227,1.000149
247.453660,1.000113
247.474093,1.000155
247.494526,0.999821
247.514959,0.999977
247.535392,0.999972
247.555825,0.999978
247.576258,1.000119
247.596691,1.000140
247.617124,1.000280
247.637557,1.000164
247.657990,0.999470
247.678423,1.000102
247.719289,1.000303
247.739722,1.000056
247.760154,1.000257
247.780587,1.000114
247.841886,0.999969
247.862319,0.998763
247.882752,0.993212
247.903185,0.991187
247.923618,0.990956
247.944051,0.990852
247.964484,0.991560
247.984917,0.995667
248.005350,0.999605
248.025783,1.000100
248.046216,1.000116
248.066649,0.999812
248.087082,0.999913
248.107515,0.999754
248.127948,1.000028
248.148380,0.999779
248.168813,0.999538
248.189246,0.999727
248.209679,0.999728
248.250545,0.999714
248.270978,0.999526
248.291411,1.000104
248.311844,0.999773
248.332277,0.999927
248.352710,0.999679
248.373143,0.999632
248.393576,0.999698
248.414009,0.999783
248.434442,1.000153
248.454875,0.999953
248.475308,0.999684
248.495741,1.000259
248.516173,1.000023
248.536606,0.999754
248.557039,1.000131
248.577472,1.000979
248.597905,0.999699
248.618338,0.999631
248.638771,0.999675
248.659204,0.999601
248.679637,1.000006
248.700070,0.999817
248.720503,0.999630
248.740936,0.999754
248.761369,0.999788
248.781802,0.999959
248.802235,1.000002
248.822668,0.999627
248.843101,0.999606
248.863533,0.999450
248.883966,0.999731
248.904399,1.000206
248.924832,1.000036
248.945265,1.000267
248.965698,0.999903
248.986131,0.997650
249.006564,0.998199
249.026997,0.997782
249.047430,0.997689
249.067863,0.998214
249.088296,0.997919
249.108729,0.997937
249.129162,0.999982
249.149595,0.999875
249.170027,0.999953
249.190460,0.999934
249.210893,0.999924
249.231326,0.999940
249.251759,1.000011
249.272192,1.000112
249.292625,1.000167
249.313058,1.000140
249.333491,1.000155
249.353924,0.999803
249.374357,1.000012
249.394790,0.999902
249.415223,1.000130
249.435656,0.999739
249.456088,0.999820
249.476521,0.999915
249.496954,0.999979
249.517387,0.999947
249.537820,1.000219
249.558253,0.999811
249.578686,1.000111
249.599119,0.999888
249.619552,0.999742
249.639985,1.000636
249.660418,1.000016
249.680851,0.999589
249.701284,1.000080
249.721717,0.999986
249.742149,0.999787
249.762582,1.000076
249.783015,1.000136
249.803448,1.000081
249.823881,1.000396
249.844314,0.999893
249.864747,1.000140
249.885180,1.000200
249.905613,0.999795
249.926046,1.000181
249.946479,1.000311
249.966912,1.000286
249.987345,0.999756
250.007778,0.999715
250.028210,1.000034
250.048644,1.000079
250.069076,0.999999
250.089509,0.999933
250.109942,1.000106
250.130375,0.999903
250.150808,1.000257
250.171241,1.000056
250.191674,0.999896
250.212107,0.999793
250.232540,1.000174
250.252973,0.999861
250.273406,1.000244
250.293839,1.000050
250.314271,1.000071
250.334704,0.999970
250.355137,1.000184
250.375570,1.000001
250.396003,1.000308
250.416436,1.000006
250.436869,0.999872
250.457302,0.999980
250.477735,1.000214
250.498168,0.999995
250.518601,0.999749
250.539034,0.999955
250.559466,1.000060
250.579899,1.000283
250.600332,1.000053
250.620765,1.000237
250.641198,1.000165
250.661631,1.000009
250.702497,0.999755
250.722930,0.999771
250.743363,1.000458
250.763796,1.000322
250.784229,1.000257
250.804661,1.006348
250.825094,1.000623
250.845527,1.000325
250.865960,1.000096
250.886393,1.000476
250.906826,1.001034
250.927259,1.000371
250.947692,1.000490
250.968125,1.000117
250.988558,0.999982
251.008991,1.000427
251.029424,1.000536
251.049857,1.000134
251.070289,1.000171
251.090722,0.999999
251.111155,1.000308
251.131588,1.000112
251.152021,0.999821
251.172454,1.000143
251.192887,1.000316
251.213320,1.000203
251.233753,1.000000
251.254186,1.000216
251.274619,1.000042
251.295052,0.999996
251.315484,1.000014
251.335917,1.000195
251.356350,1.000254
251.376783,0.999706
251.397216,0.995681
251.417649,0.991745
251.438082,0.990579
251.458515,0.990951
251.478948,0.990966
251.499381,0.993254
251.519814,0.998945
251.540247,0.999550
251.560679,0.999518
251.581112,0.999833
251.601545,0.999336
251.621978,0.999917
251.642411,0.999334
251.662844,0.999493
251.683277,0.999599
251.703710,0.999410
251.724143,0.999622
251.744576,0.999448
251.765009,0.999458
251.785441,0.999814
251.805874,0.999423
251.826307,0.999866
251.846740,0.999701
251.867173,0.999617
251.887606,0.999538
251.908039,0.999626
251.928472,0.999546
251.948905,0.999966
251.969338,0.999510
251.989771,0.999645
252.010203,0.999519
252.030636,0.999514
252.051069,0.999672
252.071502,1.000041
252.091935,0.999446
252.112368,0.999572
252.132801,0.999512
252.153234,0.999581
252.173667,0.999319
252.194100,0.999607
252.214532,0.999924
252.234965,0.999925
252.255398,0.999928
252.275831,0.999819
252.296264,0.999733
252.316697,0.999829
252.337130,0.999711
252.357563,0.999826
252.377996,0.999856
252.398429,0.999768
252.418862,0.999666
252.439294,0.999961
252.459727,1.000057
252.480160,1.000252
252.500593,1.000120
252.521026,0.999737
252.541459,0.999663
252.561892,0.999818
252.582325,1.000080
252.602758,0.999931
252.623191,1.000018
252.643623,0.999903
252.664056,1.000201
252.684489,1.000005
252.704922,0.999650
252.725355,1.000291
252.745788,0.999640
252.766221,0.999813
252.786654,0.999991
252.807087,0.999795
252.827520,1.000035
252.847953,1.000331
252.868385,1.000135
252.888818,0.999959
252.909251,0.999873
252.929684,0.999876
252.950117,0.999928
252.970550,1.000123
252.990983,0.999942
253.011416,0.999943
253.031849,0.999995
253.052282,1.000021
253.072714,0.999711
253.093147,0.999877
253.113580,1.000069
253.134013,1.000289
253.154446,0.999859
253.174879,1.000073
253.195312,0.999724
253.215745,0.999897
253.236178,0.999993
253.256611,0.999648
253.277043,1.000246
253.297476,1.000225
253.317909,0.999912
253.338342,1.000013
253.358775,1.000074
253.379208,0.999920
253.399641,1.000102
253.420074,1.000105
253.440507,1.000089
253.460939,1.000095
253.481372,0.999950
253.501805,1.000340
253.522238,1.000202
253.542671,1.000246
253.563104,1.000055
253.583537,1.000215
253.603970,1.000404
253.624403,1.000035
253.644835,1.000137
253.685701,1.000327
253.706134,1.000253
253.726567,1.000525
253.747000,1.000371
253.767433,1.000548
253.787866,0.999885
253.808299,1.000124
253.828731,1.000330
253.849164,1.000437
253.869597,1.000285
253.890030,1.000342
253.910463,1.000367
253.930896,1.000336
253.951329,1.000231
253.971762,1.000224
253.992195,1.000266
254.012627,1.000543
254.033060,1.000357
254.053493,1.000315
254.073926,1.000203
254.094359,0.999970
254.114792,1.000346
254.135225,1.000721
254.155658,1.000175
254.176091,1.000053
254.196524,0.999979
254.216956,0.999727
254.237389,0.999837
254.257822,0.999878
254.278255,0.999585
254.298688,1.000076
254.319121,1.000117
254.339554,1.000398
254.359987,1.000183
254.380420,1.000017
254.400853,1.000107
254.421285,1.000258
254.441718,1.000117
254.462151,1.000530
254.482584,1.000228
254.503017,1.000483
254.523450,1.000625
254.543883,1.000172
254.564316,1.000191
254.584748,1.000328
254.605181,1.000340
254.625614,1.000476
254.646047,0.999845
254.666480,0.999953
254.686913,1.000383
254.707346,0.999980
254.727779,1.000144
254.748211,1.000100
254.768644,1.000174
254.789077,1.000276
254.809510,1.000188
254.829943,1.000113
254.850376,1.000015
254.870809,0.999864
254.891242,1.000085
254.911675,0.998479
254.932107,0.992586
254.952540,0.991477
254.972973,0.990767
254.993406,0.991512
255.013839,0.991847
255.034272,0.997370
255.054705,0.999507
255.075138,0.999883
255.095570,0.999839
255.116003,0.999858
255.136436,1.000194
255.156869,0.999751
255.177302,0.999789
255.197735,1.000192
255.218168,0.999992
255.238601,0.999903
255.259034,1.000286
255.279466,1.000189
255.299899,1.000156
255.320332,1.000165
255.340765,1.000222
255.361198,1.000000
255.381631,1.000122
256.341976,0.999531
256.362409,0.999841
256.382842,0.999697
256.403275,0.999411
256.423707,0.999696
256.444140,0.999536
256.464573,0.999647
256.485006,0.999773
256.505439,0.999934
256.525872,0.999532
256.546305,0.999769
256.566737,0.999761
256.587170,0.999679
256.607603,0.999641
256.628036,0.999416
256.668902,0.999825
256.689335,0.999569
256.709768,0.999983
256.730200,0.999613
256.750633,0.999664
256.771066,1.000090
256.791499,0.999679
256.811932,0.999631
256.832365,0.999731
256.852798,1.000078
256.873230,0.999857
256.893663,0.999766
256.914096,0.999502
256.934529,0.999472
256.954962,0.999691
256.975395,0.999821
256.995828,0.999625
257.016261,0.999988
257.036694,0.999924
257.057126,0.999735
257.077559,0.999888
257.097992,1.000260
257.118425,0.999829
257.138858,1.000205
257.159291,0.999748
257.179724,0.999701
257.200156,0.999802
257.220589,1.000066
257.241022,0.999606
257.261455,0.999788
257.281888,0.999921
257.302321,0.999553
257.322754,1.000015
257.343186,1.000514
257.363619,0.999958
257.384052,1.000026
257.404485,1.000178
257.424918,1.000215
257.445351,1.000047
257.465784,1.000129
257.486217,1.000262
257.506649,1.000066
257.527082,1.000011
257.547515,0.999951
257.567948,1.000031
257.588381,1.000074
257.608814,1.000063
257.629246,0.999783
257.649679,0.999867
257.670112,1.000082
257.690545,1.000000
257.710978,0.999942
257.731411,1.000036
257.751844,1.000226
257.772277,1.000713
257.792709,0.999898
257.813142,1.000131
257.833575,1.000224
257.854008,1.000501
257.874441,1.000109
257.894874,0.997763
257.915307,0.998411
257.935739,0.998216
257.956172,0.998428
257.976605,0.998163
257.997038,0.998092
258.017471,0.998047
258.037904,0.998329
258.058336,1.000032
258.078769,1.000021
258.099202,1.000412
258.119635,1.000083
258.140068,1.000189
258.160501,1.000325
258.180934,1.000364
258.201367,1.000253
258.221799,1.000424
258.242232,1.000749
258.262665,1.000232
258.283098,1.000464
258.303531,1.000115
258.323964,1.000308
258.344397,1.000266
258.364829,1.000188
258.405695,1.000392
258.426128,0.999825
258.446561,0.994693
258.466994,0.991733
