path,surface,bucket,family,n_checks
multi-attribute/accessible-event-app,app,multi-attribute,Health,3
multi-attribute/accessible-event-chat,chat,multi-attribute,Health,3
multi-attribute/accessible-event-survey,survey,multi-attribute,Health,3
multi-attribute/accessible-event-web,web,multi-attribute,Health,3
multi-attribute/accredited-not-subscribed/accredited-not-subscribed-app,app,multi-attribute,Worldview & beliefs,2
multi-attribute/accredited-not-subscribed/accredited-not-subscribed-chat,chat,multi-attribute,Worldview & beliefs,2
multi-attribute/accredited-not-subscribed/accredited-not-subscribed-survey,survey,multi-attribute,Worldview & beliefs,2
multi-attribute/accredited-not-subscribed/accredited-not-subscribed-web,web,multi-attribute,Worldview & beliefs,2
multi-attribute/achievement-focused-app,app,multi-attribute,Values & motivation,3
multi-attribute/achievement-focused-web,web,multi-attribute,Values & motivation,3
multi-attribute/adventure-film-trap-averse-app,app,multi-attribute,Interests,2
multi-attribute/adventure-film-trap-averse-web,web,multi-attribute,Interests,2
multi-attribute/afrobeats-popular-science-pair-app,app,multi-attribute,Interests,2
multi-attribute/afrobeats-popular-science-pair-web,web,multi-attribute,Interests,2
multi-attribute/ai-skeptic-dev-app,app,multi-attribute,Developer,3
multi-attribute/ai-skeptic-dev-survey,survey,multi-attribute,Developer,3
multi-attribute/ai-skeptic-dev-web,web,multi-attribute,Developer,3
multi-attribute/algebra-not-chemistry/algebra-not-chemistry-app,app,multi-attribute,Learning,2
multi-attribute/algebra-not-chemistry/algebra-not-chemistry-chat,chat,multi-attribute,Learning,2
multi-attribute/algebra-not-chemistry/algebra-not-chemistry-survey,survey,multi-attribute,Learning,2
multi-attribute/algebra-not-chemistry/algebra-not-chemistry-web,web,multi-attribute,Learning,2
multi-attribute/ambitious-leader-app,app,multi-attribute,Personality,3
multi-attribute/ambitious-leader-web,web,multi-attribute,Personality,3
multi-attribute/americanfootball-not-coffee/americanfootball-not-coffee-app,app,multi-attribute,Interests,2
multi-attribute/americanfootball-not-coffee/americanfootball-not-coffee-chat,chat,multi-attribute,Interests,2
multi-attribute/americanfootball-not-coffee/americanfootball-not-coffee-survey,survey,multi-attribute,Interests,2
multi-attribute/americanfootball-not-coffee/americanfootball-not-coffee-web,web,multi-attribute,Interests,2
multi-attribute/analytical-decider-app,app,multi-attribute,Risk & decision,3
multi-attribute/analytical-decider-web,web,multi-attribute,Risk & decision,3
multi-attribute/anthropology-not-logic/anthropology-not-logic-app,app,multi-attribute,Learning,2
multi-attribute/anthropology-not-logic/anthropology-not-logic-chat,chat,multi-attribute,Learning,2
multi-attribute/anthropology-not-logic/anthropology-not-logic-survey,survey,multi-attribute,Learning,2
multi-attribute/anthropology-not-logic/anthropology-not-logic-web,web,multi-attribute,Learning,2
multi-attribute/anvil-not-alibi/anvil-not-alibi-app,app,multi-attribute,Interests,2
multi-attribute/anvil-not-alibi/anvil-not-alibi-chat,chat,multi-attribute,Interests,2
multi-attribute/anvil-not-alibi/anvil-not-alibi-survey,survey,multi-attribute,Interests,2
multi-attribute/anvil-not-alibi/anvil-not-alibi-web,web,multi-attribute,Interests,2
multi-attribute/archive-not-away/archive-not-away-app,app,multi-attribute,Interests,2
multi-attribute/archive-not-away/archive-not-away-chat,chat,multi-attribute,Interests,2
multi-attribute/archive-not-away/archive-not-away-survey,survey,multi-attribute,Interests,2
multi-attribute/archive-not-away/archive-not-away-web,web,multi-attribute,Interests,2
multi-attribute/arias-not-ascents/arias-not-ascents-app,app,multi-attribute,Interests,2
multi-attribute/arias-not-ascents/arias-not-ascents-chat,chat,multi-attribute,Interests,2
multi-attribute/arias-not-ascents/arias-not-ascents-survey,survey,multi-attribute,Interests,2
multi-attribute/arias-not-ascents/arias-not-ascents-web,web,multi-attribute,Interests,2
multi-attribute/arrows-not-injera/arrows-not-injera-app,app,multi-attribute,Interests,2
multi-attribute/arrows-not-injera/arrows-not-injera-chat,chat,multi-attribute,Interests,2
multi-attribute/arrows-not-injera/arrows-not-injera-survey,survey,multi-attribute,Interests,2
multi-attribute/arrows-not-injera/arrows-not-injera-web,web,multi-attribute,Interests,2
multi-attribute/art-and-hockey/art-and-hockey-chat,chat,multi-attribute,Learning,2
multi-attribute/art-house-essays-pair-app,app,multi-attribute,Interests,2
multi-attribute/art-house-essays-pair-web,web,multi-attribute,Interests,2
multi-attribute/artistic-imaginative-app,app,multi-attribute,Personality,3
multi-attribute/artistic-imaginative-survey,survey,multi-attribute,Personality,3
multi-attribute/artistic-imaginative-web,web,multi-attribute,Personality,3
multi-attribute/astronomy-not-geometry/astronomy-not-geometry-app,app,multi-attribute,Learning,2
multi-attribute/astronomy-not-geometry/astronomy-not-geometry-chat,chat,multi-attribute,Learning,2
multi-attribute/astronomy-not-geometry/astronomy-not-geometry-survey,survey,multi-attribute,Learning,2
multi-attribute/astronomy-not-geometry/astronomy-not-geometry-web,web,multi-attribute,Learning,2
multi-attribute/audio-dart-production-sprint/audio-dart-production-sprint-app,app,multi-attribute,Expertise,2
multi-attribute/audio-dart-production-sprint/audio-dart-production-sprint-chat,chat,multi-attribute,Expertise,2
multi-attribute/audio-dart-production-sprint/audio-dart-production-sprint-survey,survey,multi-attribute,Expertise,2
multi-attribute/audio-dart-production-sprint/audio-dart-production-sprint-web,web,multi-attribute,Expertise,2
multi-attribute/autopilot-not-plugin/autopilot-not-plugin-app,app,multi-attribute,Worldview & beliefs,2
multi-attribute/autopilot-not-plugin/autopilot-not-plugin-chat,chat,multi-attribute,Worldview & beliefs,2
multi-attribute/autopilot-not-plugin/autopilot-not-plugin-survey,survey,multi-attribute,Worldview & beliefs,2
multi-attribute/autopilot-not-plugin/autopilot-not-plugin-web,web,multi-attribute,Worldview & beliefs,2
multi-attribute/baseball-and-cricket/baseball-and-cricket-app,app,multi-attribute,Interests,2
multi-attribute/baseball-and-cricket/baseball-and-cricket-survey,survey,multi-attribute,Interests,2
multi-attribute/baseball-and-cricket/baseball-and-cricket-web,web,multi-attribute,Interests,2
multi-attribute/basil-and-encore/basil-and-encore-app,app,multi-attribute,Interests,2
multi-attribute/basil-and-encore/basil-and-encore-chat,chat,multi-attribute,Interests,2
multi-attribute/basketball-not-biology/basketball-not-biology-app,app,multi-attribute,Interests,2
multi-attribute/basketball-not-biology/basketball-not-biology-chat,chat,multi-attribute,Interests,2
multi-attribute/basketball-not-biology/basketball-not-biology-survey,survey,multi-attribute,Interests,2
multi-attribute/basketball-not-biology/basketball-not-biology-web,web,multi-attribute,Interests,2
multi-attribute/bayou-boil/bayou-boil-app,app,multi-attribute,Interests,2
multi-attribute/bayou-boil/bayou-boil-chat,chat,multi-attribute,Interests,2
multi-attribute/bayou-boil/bayou-boil-survey,survey,multi-attribute,Interests,2
multi-attribute/bayou-boil/bayou-boil-web,web,multi-attribute,Interests,2
multi-attribute/beds-not-bistros/beds-not-bistros-app,app,multi-attribute,Interests,2
multi-attribute/beds-not-bistros/beds-not-bistros-chat,chat,multi-attribute,Interests,2
multi-attribute/beds-not-bistros/beds-not-bistros-survey,survey,multi-attribute,Interests,2
multi-attribute/beds-not-bistros/beds-not-bistros-web,web,multi-attribute,Interests,2
multi-attribute/binge-not-jog/binge-not-jog-app,app,multi-attribute,Interests,2
multi-attribute/binge-not-jog/binge-not-jog-chat,chat,multi-attribute,Interests,2
multi-attribute/binge-not-jog/binge-not-jog-survey,survey,multi-attribute,Interests,2
multi-attribute/binge-not-jog/binge-not-jog-web,web,multi-attribute,Interests,2
multi-attribute/binoculars-not-blockbusters/binoculars-not-blockbusters-app,app,multi-attribute,Interests,2
multi-attribute/binoculars-not-blockbusters/binoculars-not-blockbusters-chat,chat,multi-attribute,Interests,2
multi-attribute/binoculars-not-blockbusters/binoculars-not-blockbusters-survey,survey,multi-attribute,Interests,2
multi-attribute/binoculars-not-blockbusters/binoculars-not-blockbusters-web,web,multi-attribute,Interests,2
multi-attribute/biography-books-blues-averse-app,app,multi-attribute,Interests,2
multi-attribute/biography-books-blues-averse-web,web,multi-attribute,Interests,2
multi-attribute/biology-not-coding/biology-not-coding-app,app,multi-attribute,Learning,2
multi-attribute/biology-not-coding/biology-not-coding-chat,chat,multi-attribute,Learning,2
multi-attribute/biology-not-coding/biology-not-coding-survey,survey,multi-attribute,Learning,2
multi-attribute/biology-not-coding/biology-not-coding-web,web,multi-attribute,Learning,2
multi-attribute/biopic-film-jpop-averse-app,app,multi-attribute,Interests,2
multi-attribute/biopic-film-jpop-averse-web,web,multi-attribute,Interests,2
multi-attribute/biopics-not-baozi/biopics-not-baozi-app,app,multi-attribute,Interests,2
multi-attribute/biopics-not-baozi/biopics-not-baozi-chat,chat,multi-attribute,Interests,2
multi-attribute/biopics-not-baozi/biopics-not-baozi-survey,survey,multi-attribute,Interests,2
multi-attribute/biopics-not-baozi/biopics-not-baozi-web,web,multi-attribute,Interests,2
multi-attribute/bistro-book-club/bistro-book-club-app,app,multi-attribute,Interests,2
multi-attribute/bistro-book-club/bistro-book-club-chat,chat,multi-attribute,Interests,2
multi-attribute/bistro-book-club/bistro-book-club-survey,survey,multi-attribute,Interests,2
multi-attribute/bistro-book-club/bistro-book-club-web,web,multi-attribute,Interests,2
multi-attribute/blunt-terse-communicator-app,app,multi-attribute,Linguistic,3
multi-attribute/blunt-terse-communicator-web,web,multi-attribute,Linguistic,3
multi-attribute/board-alone/board-alone-app,app,multi-attribute,Behavior,2
multi-attribute/board-alone/board-alone-chat,chat,multi-attribute,Behavior,2
multi-attribute/board-alone/board-alone-survey,survey,multi-attribute,Behavior,2
multi-attribute/board-alone/board-alone-web,web,multi-attribute,Behavior,2
multi-attribute/boards-not-jerk/boards-not-jerk-app,app,multi-attribute,Interests,2
multi-attribute/boards-not-jerk/boards-not-jerk-chat,chat,multi-attribute,Interests,2
multi-attribute/boards-not-jerk/boards-not-jerk-survey,survey,multi-attribute,Interests,2
multi-attribute/boards-not-jerk/boards-not-jerk-web,web,multi-attribute,Interests,2
multi-attribute/bold-risktaker-app,app,multi-attribute,Values & motivation,3
multi-attribute/bold-risktaker-web,web,multi-attribute,Values & motivation,3
multi-attribute/bollywood-not-blueprints/bollywood-not-blueprints-app,app,multi-attribute,Interests,2
multi-attribute/bollywood-not-blueprints/bollywood-not-blueprints-chat,chat,multi-attribute,Interests,2
multi-attribute/bollywood-not-blueprints/bollywood-not-blueprints-survey,survey,multi-attribute,Interests,2
multi-attribute/bollywood-not-blueprints/bollywood-not-blueprints-web,web,multi-attribute,Interests,2
multi-attribute/book-preferences-app,app,multi-attribute,Interests,2
multi-attribute/book-preferences-chat,chat,multi-attribute,Interests,2
multi-attribute/book-preferences-survey,survey,multi-attribute,Interests,2
multi-attribute/boots-and-brisket/boots-and-brisket-app,app,multi-attribute,Interests,2
multi-attribute/boots-and-brisket/boots-and-brisket-chat,chat,multi-attribute,Interests,2
multi-attribute/boots-and-brisket/boots-and-brisket-survey,survey,multi-attribute,Interests,2
multi-attribute/boots-and-brisket/boots-and-brisket-web,web,multi-attribute,Interests,2
multi-attribute/bowling-and-fencing/bowling-and-fencing-app,app,multi-attribute,Interests,2
multi-attribute/bowling-and-fencing/bowling-and-fencing-chat,chat,multi-attribute,Interests,2
multi-attribute/bowling-and-fencing/bowling-and-fencing-survey,survey,multi-attribute,Interests,2
multi-attribute/bowling-and-fencing/bowling-and-fencing-web,web,multi-attribute,Interests,2
multi-attribute/boxing-and-archery/boxing-and-archery-app,app,multi-attribute,Interests,2
multi-attribute/boxing-and-archery/boxing-and-archery-chat,chat,multi-attribute,Interests,2
multi-attribute/boxing-and-archery/boxing-and-archery-survey,survey,multi-attribute,Interests,2
multi-attribute/boxing-and-archery/boxing-and-archery-web,web,multi-attribute,Interests,2
multi-attribute/brew-not-bios/brew-not-bios-app,app,multi-attribute,Interests,2
multi-attribute/brew-not-bios/brew-not-bios-chat,chat,multi-attribute,Interests,2
multi-attribute/brew-not-bios/brew-not-bios-survey,survey,multi-attribute,Interests,2
multi-attribute/brew-not-bios/brew-not-bios-web,web,multi-attribute,Interests,2
multi-attribute/business-books-classical-averse-app,app,multi-attribute,Interests,2
multi-attribute/business-books-classical-averse-web,web,multi-attribute,Interests,2
multi-attribute/caches-not-indie/caches-not-indie-app,app,multi-attribute,Interests,2
multi-attribute/caches-not-indie/caches-not-indie-chat,chat,multi-attribute,Interests,2
multi-attribute/caches-not-indie/caches-not-indie-survey,survey,multi-attribute,Interests,2
multi-attribute/caches-not-indie/caches-not-indie-web,web,multi-attribute,Interests,2
multi-attribute/cage-not-crosswords/cage-not-crosswords-app,app,multi-attribute,Interests,2
multi-attribute/cage-not-crosswords/cage-not-crosswords-chat,chat,multi-attribute,Interests,2
multi-attribute/cage-not-crosswords/cage-not-crosswords-survey,survey,multi-attribute,Interests,2
multi-attribute/cage-not-crosswords/cage-not-crosswords-web,web,multi-attribute,Interests,2
multi-attribute/calm-lowstress-app,app,multi-attribute,Health,3
multi-attribute/calm-lowstress-web,web,multi-attribute,Health,3
multi-attribute/campaign-workflow-assignments/campaign-workflow-assignments-app,app,multi-attribute,Skills,2
multi-attribute/campaign-workflow-assignments/campaign-workflow-assignments-web,web,multi-attribute,Skills,2
multi-attribute/canopy-not-clues/canopy-not-clues-app,app,multi-attribute,Interests,2
multi-attribute/canopy-not-clues/canopy-not-clues-chat,chat,multi-attribute,Interests,2
multi-attribute/canopy-not-clues/canopy-not-clues-survey,survey,multi-attribute,Interests,2
multi-attribute/canopy-not-clues/canopy-not-clues-web,web,multi-attribute,Interests,2
multi-attribute/cantonese-comedy-drama-pair-app,app,multi-attribute,Interests,2
multi-attribute/cantonese-comedy-drama-pair-web,web,multi-attribute,Interests,2
multi-attribute/career-opportunity-fit-app,app,multi-attribute,Professional,5
multi-attribute/career-opportunity-fit-chat,chat,multi-attribute,Professional,5
multi-attribute/caribbean-musical-pair-app,app,multi-attribute,Interests,2
multi-attribute/caribbean-musical-pair-web,web,multi-attribute,Interests,2
multi-attribute/cautious-deliberator-app,app,multi-attribute,Risk & decision,3
multi-attribute/cautious-deliberator-web,web,multi-attribute,Risk & decision,3
multi-attribute/ceviche-miles/ceviche-miles-survey,survey,multi-attribute,Interests,2
multi-attribute/chemistry-and-soccer/chemistry-and-soccer-app,app,multi-attribute,Learning,2
multi-attribute/chemistry-and-soccer/chemistry-and-soccer-chat,chat,multi-attribute,Learning,2
multi-attribute/chemistry-and-soccer/chemistry-and-soccer-survey,survey,multi-attribute,Learning,2
multi-attribute/chess-not-checkin/chess-not-checkin-app,app,multi-attribute,Interests,2
multi-attribute/chess-not-checkin/chess-not-checkin-chat,chat,multi-attribute,Interests,2
multi-attribute/chess-not-checkin/chess-not-checkin-survey,survey,multi-attribute,Interests,2
multi-attribute/chess-not-checkin/chess-not-checkin-web,web,multi-attribute,Interests,2
multi-attribute/civics-not-crypto/civics-not-crypto-app,app,multi-attribute,Learning,2
multi-attribute/civics-not-crypto/civics-not-crypto-chat,chat,multi-attribute,Learning,2
multi-attribute/civics-not-crypto/civics-not-crypto-survey,survey,multi-attribute,Learning,2
multi-attribute/civics-not-crypto/civics-not-crypto-web,web,multi-attribute,Learning,2
multi-attribute/classic-hearts/classic-hearts-app,app,multi-attribute,Interests,2
multi-attribute/classic-hearts/classic-hearts-chat,chat,multi-attribute,Interests,2
multi-attribute/classic-hearts/classic-hearts-survey,survey,multi-attribute,Interests,2
multi-attribute/classic-hearts/classic-hearts-web,web,multi-attribute,Interests,2
multi-attribute/clubs-not-churrasco/clubs-not-churrasco-app,app,multi-attribute,Interests,2
multi-attribute/clubs-not-churrasco/clubs-not-churrasco-chat,chat,multi-attribute,Interests,2
multi-attribute/clubs-not-churrasco/clubs-not-churrasco-survey,survey,multi-attribute,Interests,2
multi-attribute/clubs-not-churrasco/clubs-not-churrasco-web,web,multi-attribute,Interests,2
multi-attribute/codetesting-app,app,multi-attribute,Developer,3
multi-attribute/codetesting-chat,chat,multi-attribute,Developer,3
multi-attribute/codetesting-survey,survey,multi-attribute,Developer,3
multi-attribute/codetesting-web,web,multi-attribute,Developer,3
multi-attribute/coding-not-art/coding-not-art-app,app,multi-attribute,Learning,2
multi-attribute/coding-not-art/coding-not-art-chat,chat,multi-attribute,Learning,2
multi-attribute/coding-not-art/coding-not-art-survey,survey,multi-attribute,Learning,2
multi-attribute/coding-not-art/coding-not-art-web,web,multi-attribute,Learning,2
multi-attribute/commanding-leader-app,app,multi-attribute,Personality,3
multi-attribute/commanding-leader-web,web,multi-attribute,Personality,3
multi-attribute/commstyle-app,app,multi-attribute,Linguistic,3
multi-attribute/commstyle-chat,chat,multi-attribute,Linguistic,3
multi-attribute/commstyle-survey,survey,multi-attribute,Linguistic,3
multi-attribute/commstyle-web,web,multi-attribute,Linguistic,3
multi-attribute/compact-direct-review/compact-direct-review-app,app,multi-attribute,Linguistic,2
multi-attribute/compact-direct-review/compact-direct-review-chat,chat,multi-attribute,Linguistic,2
multi-attribute/compact-direct-review/compact-direct-review-survey,survey,multi-attribute,Linguistic,2
multi-attribute/compact-direct-review/compact-direct-review-web,web,multi-attribute,Linguistic,2
multi-attribute/competitive-striver-app,app,multi-attribute,Values & motivation,3
multi-attribute/competitive-striver-web,web,multi-attribute,Values & motivation,3
multi-attribute/connection-requests-app,app,multi-attribute,Values & motivation,2
multi-attribute/cornbread-and-indie/cornbread-and-indie-app,app,multi-attribute,Interests,2
multi-attribute/cornbread-and-indie/cornbread-and-indie-chat,chat,multi-attribute,Interests,2
multi-attribute/cornbread-and-indie/cornbread-and-indie-survey,survey,multi-attribute,Interests,2
multi-attribute/cornbread-and-indie/cornbread-and-indie-web,web,multi-attribute,Interests,2
multi-attribute/crag-and-kitchen/crag-and-kitchen-app,app,multi-attribute,Interests,2
multi-attribute/crag-and-kitchen/crag-and-kitchen-chat,chat,multi-attribute,Interests,2
multi-attribute/crag-and-kitchen/crag-and-kitchen-survey,survey,multi-attribute,Interests,2
multi-attribute/crag-and-kitchen/crag-and-kitchen-web,web,multi-attribute,Interests,2
multi-attribute/creative-curious-app,app,multi-attribute,Personality,3
multi-attribute/creative-curious-web,web,multi-attribute,Personality,3
multi-attribute/creative-expressive-app,app,multi-attribute,Values & motivation,3
multi-attribute/creative-expressive-web,web,multi-attribute,Values & motivation,3
multi-attribute/crime-film-synth-averse-app,app,multi-attribute,Interests,2
multi-attribute/crime-film-synth-averse-web,web,multi-attribute,Interests,2
multi-attribute/crossfit-not-truecrime/crossfit-not-truecrime-app,app,multi-attribute,Interests,2
multi-attribute/crossfit-not-truecrime/crossfit-not-truecrime-chat,chat,multi-attribute,Interests,2
multi-attribute/crossfit-not-truecrime/crossfit-not-truecrime-survey,survey,multi-attribute,Interests,2
multi-attribute/crossfit-not-truecrime/crossfit-not-truecrime-web,web,multi-attribute,Interests,2
multi-attribute/crowd-and-quest/crowd-and-quest-app,app,multi-attribute,Interests,2
multi-attribute/crowd-and-quest/crowd-and-quest-chat,chat,multi-attribute,Interests,2
multi-attribute/crowd-and-quest/crowd-and-quest-survey,survey,multi-attribute,Interests,2
multi-attribute/crowd-and-quest/crowd-and-quest-web,web,multi-attribute,Interests,2
multi-attribute/cuisine-preferences-app,app,multi-attribute,Interests,2
multi-attribute/cuisine-preferences-chat,chat,multi-attribute,Interests,2
multi-attribute/culture-outdoor-luxe-app,app,multi-attribute,Interests,3
multi-attribute/culture-outdoor-luxe-web,web,multi-attribute,Interests,3
multi-attribute/curds-and-cookbooks/curds-and-cookbooks-app,app,multi-attribute,Interests,2
multi-attribute/curds-and-cookbooks/curds-and-cookbooks-chat,chat,multi-attribute,Interests,2
multi-attribute/curds-and-cookbooks/curds-and-cookbooks-survey,survey,multi-attribute,Interests,2
multi-attribute/curds-and-cookbooks/curds-and-cookbooks-web,web,multi-attribute,Interests,2
multi-attribute/cycling-not-business/cycling-not-business-app,app,multi-attribute,Interests,2
multi-attribute/cycling-not-business/cycling-not-business-chat,chat,multi-attribute,Interests,2
multi-attribute/cycling-not-business/cycling-not-business-web,web,multi-attribute,Interests,2
multi-attribute/deferred-bounded-draft/deferred-bounded-draft-app,app,multi-attribute,Linguistic,2
multi-attribute/deferred-bounded-draft/deferred-bounded-draft-chat,chat,multi-attribute,Linguistic,2
multi-attribute/deferred-bounded-draft/deferred-bounded-draft-survey,survey,multi-attribute,Linguistic,2
multi-attribute/deferred-bounded-draft/deferred-bounded-draft-web,web,multi-attribute,Linguistic,2
multi-attribute/depths-not-synthwave/depths-not-synthwave-app,app,multi-attribute,Interests,2
multi-attribute/depths-not-synthwave/depths-not-synthwave-chat,chat,multi-attribute,Interests,2
multi-attribute/depths-not-synthwave/depths-not-synthwave-survey,survey,multi-attribute,Interests,2
multi-attribute/depths-not-synthwave/depths-not-synthwave-web,web,multi-attribute,Interests,2
multi-attribute/devout-traditionalist-app,app,multi-attribute,Values & motivation,3
multi-attribute/devout-traditionalist-web,web,multi-attribute,Values & motivation,3
multi-attribute/diamond-not-dub/diamond-not-dub-app,app,multi-attribute,Interests,2
multi-attribute/diamond-not-dub/diamond-not-dub-chat,chat,multi-attribute,Interests,2
multi-attribute/diamond-not-dub/diamond-not-dub-survey,survey,multi-attribute,Interests,2
multi-attribute/diamond-not-dub/diamond-not-dub-web,web,multi-attribute,Interests,2
multi-attribute/dice-and-servos/dice-and-servos-app,app,multi-attribute,Interests,2
multi-attribute/dice-and-servos/dice-and-servos-chat,chat,multi-attribute,Interests,2
multi-attribute/dice-and-servos/dice-and-servos-survey,survey,multi-attribute,Interests,2
multi-attribute/dice-and-servos/dice-and-servos-web,web,multi-attribute,Interests,2
multi-attribute/dim-sum-and-drives/dim-sum-and-drives-app,app,multi-attribute,Interests,2
multi-attribute/dim-sum-and-drives/dim-sum-and-drives-chat,chat,multi-attribute,Interests,2
multi-attribute/dim-sum-and-drives/dim-sum-and-drives-survey,survey,multi-attribute,Interests,2
multi-attribute/dim-sum-and-drives/dim-sum-and-drives-web,web,multi-attribute,Interests,2
multi-attribute/disaster-not-green/disaster-not-green-app,app,multi-attribute,Interests,2
multi-attribute/disaster-not-green/disaster-not-green-chat,chat,multi-attribute,Interests,2
multi-attribute/disaster-not-green/disaster-not-green-survey,survey,multi-attribute,Interests,2
multi-attribute/disaster-not-green/disaster-not-green-web,web,multi-attribute,Interests,2
multi-attribute/disaster-peruvian-pair-app,app,multi-attribute,Interests,2
multi-attribute/disaster-peruvian-pair-web,web,multi-attribute,Interests,2
multi-attribute/disciplined-achiever-app,app,multi-attribute,Personality,3
multi-attribute/disciplined-earlybird-app,app,multi-attribute,Behavior,3
multi-attribute/disciplined-earlybird-web,web,multi-attribute,Behavior,3
multi-attribute/disco-not-drama/disco-not-drama-app,app,multi-attribute,Interests,2
multi-attribute/disco-not-drama/disco-not-drama-chat,chat,multi-attribute,Interests,2
multi-attribute/disco-not-drama/disco-not-drama-survey,survey,multi-attribute,Interests,2
multi-attribute/disco-not-drama/disco-not-drama-web,web,multi-attribute,Interests,2
multi-attribute/dive-not-punk/dive-not-punk-app,app,multi-attribute,Interests,2
multi-attribute/dive-not-punk/dive-not-punk-chat,chat,multi-attribute,Interests,2
multi-attribute/dive-not-punk/dive-not-punk-survey,survey,multi-attribute,Interests,2
multi-attribute/dive-not-punk/dive-not-punk-web,web,multi-attribute,Interests,2
multi-attribute/dough-and-type/dough-and-type-app,app,multi-attribute,Interests,2
multi-attribute/dough-and-type/dough-and-type-chat,chat,multi-attribute,Interests,2
multi-attribute/dough-and-type/dough-and-type-survey,survey,multi-attribute,Interests,2
multi-attribute/dough-and-type/dough-and-type-web,web,multi-attribute,Interests,2
multi-attribute/dragons-not-bollywood/dragons-not-bollywood-app,app,multi-attribute,Interests,2
multi-attribute/dragons-not-bollywood/dragons-not-bollywood-chat,chat,multi-attribute,Interests,2
multi-attribute/dragons-not-bollywood/dragons-not-bollywood-survey,survey,multi-attribute,Interests,2
multi-attribute/dragons-not-bollywood/dragons-not-bollywood-web,web,multi-attribute,Interests,2
multi-attribute/drama-not-activism/drama-not-activism-app,app,multi-attribute,Learning,2
multi-attribute/drama-not-activism/drama-not-activism-chat,chat,multi-attribute,Learning,2
multi-attribute/drama-not-activism/drama-not-activism-survey,survey,multi-attribute,Learning,2
multi-attribute/drama-not-activism/drama-not-activism-web,web,multi-attribute,Learning,2
multi-attribute/dramedy-not-decibels/dramedy-not-decibels-app,app,multi-attribute,Interests,2
multi-attribute/dramedy-not-decibels/dramedy-not-decibels-chat,chat,multi-attribute,Interests,2
multi-attribute/dramedy-not-decibels/dramedy-not-decibels-survey,survey,multi-attribute,Interests,2
multi-attribute/dramedy-not-decibels/dramedy-not-decibels-web,web,multi-attribute,Interests,2
multi-attribute/drawn-clues/drawn-clues-app,app,multi-attribute,Learning,2
multi-attribute/drawn-clues/drawn-clues-chat,chat,multi-attribute,Learning,2
multi-attribute/drawn-clues/drawn-clues-survey,survey,multi-attribute,Learning,2
multi-attribute/drawn-clues/drawn-clues-web,web,multi-attribute,Learning,2
multi-attribute/dry-decks/dry-decks-chat,chat,multi-attribute,Interests,2
multi-attribute/dry-decks/dry-decks-survey,survey,multi-attribute,Interests,2
multi-attribute/dry-decks/dry-decks-web,web,multi-attribute,Interests,2
multi-attribute/dutiful-conscientious-app,app,multi-attribute,Personality,3
multi-attribute/dutiful-conscientious-web,web,multi-attribute,Personality,3
multi-attribute/dyad-collab-app,app,multi-attribute,Behavior,3
multi-attribute/ears-on-court/ears-on-court-chat,chat,multi-attribute,Interests,2
multi-attribute/ears-on-court/ears-on-court-survey,survey,multi-attribute,Interests,2
multi-attribute/ears-on-court/ears-on-court-web,web,multi-attribute,Interests,2
multi-attribute/ecology-not-music/ecology-not-music-app,app,multi-attribute,Learning,2
multi-attribute/ecology-not-music/ecology-not-music-chat,chat,multi-attribute,Learning,2
multi-attribute/ecology-not-music/ecology-not-music-survey,survey,multi-attribute,Learning,2
multi-attribute/ecology-not-music/ecology-not-music-web,web,multi-attribute,Learning,2
multi-attribute/economics-not-languages/economics-not-languages-app,app,multi-attribute,Learning,2
multi-attribute/economics-not-languages/economics-not-languages-chat,chat,multi-attribute,Learning,2
multi-attribute/economics-not-languages/economics-not-languages-survey,survey,multi-attribute,Learning,2
multi-attribute/economics-not-languages/economics-not-languages-web,web,multi-attribute,Learning,2
multi-attribute/esports-not-orchestra/esports-not-orchestra-app,app,multi-attribute,Interests,2
multi-attribute/esports-not-orchestra/esports-not-orchestra-chat,chat,multi-attribute,Interests,2
multi-attribute/esports-not-orchestra/esports-not-orchestra-survey,survey,multi-attribute,Interests,2
multi-attribute/esports-not-orchestra/esports-not-orchestra-web,web,multi-attribute,Interests,2
multi-attribute/essays-not-brisket/essays-not-brisket-app,app,multi-attribute,Interests,2
multi-attribute/essays-not-brisket/essays-not-brisket-chat,chat,multi-attribute,Interests,2
multi-attribute/essays-not-brisket/essays-not-brisket-survey,survey,multi-attribute,Interests,2
multi-attribute/essays-not-brisket/essays-not-brisket-web,web,multi-attribute,Interests,2
multi-attribute/essays-ramen-book-club/essays-ramen-book-club-app,app,multi-attribute,Interests,2
multi-attribute/essays-ramen-book-club/essays-ramen-book-club-chat,chat,multi-attribute,Interests,2
multi-attribute/essays-ramen-book-club/essays-ramen-book-club-survey,survey,multi-attribute,Interests,2
multi-attribute/essays-ramen-book-club/essays-ramen-book-club-web,web,multi-attribute,Interests,2
multi-attribute/fairs-not-schnitzel/fairs-not-schnitzel-app,app,multi-attribute,Interests,2
multi-attribute/fairs-not-schnitzel/fairs-not-schnitzel-chat,chat,multi-attribute,Interests,2
multi-attribute/fairs-not-schnitzel/fairs-not-schnitzel-survey,survey,multi-attribute,Interests,2
multi-attribute/fairs-not-schnitzel/fairs-not-schnitzel-web,web,multi-attribute,Interests,2
multi-attribute/family-devoted-app,app,multi-attribute,Values & motivation,3
multi-attribute/family-devoted-web,web,multi-attribute,Values & motivation,3
multi-attribute/family-grocery-web,web,multi-attribute,Interests,3
multi-attribute/fantasy-opera-pair-app,app,multi-attribute,Interests,2
multi-attribute/fantasy-opera-pair-web,web,multi-attribute,Interests,2
multi-attribute/fidget-clean-reset/fidget-clean-reset-app,app,multi-attribute,Behavior,2
multi-attribute/fidget-clean-reset/fidget-clean-reset-survey,survey,multi-attribute,Behavior,2
multi-attribute/fidget-clean-reset/fidget-clean-reset-web,web,multi-attribute,Behavior,2
multi-attribute/film-genre-preference-chat,chat,multi-attribute,Interests,2
multi-attribute/film-genre-preference-survey,survey,multi-attribute,Interests,2
multi-attribute/film-genre-preference-web,web,multi-attribute,Interests,2
multi-attribute/finconsumer-app,app,multi-attribute,Values & motivation,3
multi-attribute/finconsumer-chat,chat,multi-attribute,Values & motivation,3
multi-attribute/finconsumer-survey,survey,multi-attribute,Values & motivation,3
multi-attribute/finconsumer-web,web,multi-attribute,Values & motivation,3
multi-attribute/fish-not-thai/fish-not-thai-app,app,multi-attribute,Health,2
multi-attribute/fish-not-thai/fish-not-thai-chat,chat,multi-attribute,Health,2
multi-attribute/fish-not-thai/fish-not-thai-survey,survey,multi-attribute,Health,2
multi-attribute/fish-not-thai/fish-not-thai-web,web,multi-attribute,Health,2
multi-attribute/fitness-devotee-app,app,multi-attribute,Health,3
multi-attribute/fitness-devotee-web,web,multi-attribute,Health,3
multi-attribute/fixed-bold-proposal/fixed-bold-proposal-app,app,multi-attribute,Linguistic,2
multi-attribute/fixed-bold-proposal/fixed-bold-proposal-chat,chat,multi-attribute,Linguistic,2
multi-attribute/fixed-bold-proposal/fixed-bold-proposal-survey,survey,multi-attribute,Linguistic,2
multi-attribute/fixed-bold-proposal/fixed-bold-proposal-web,web,multi-attribute,Linguistic,2
multi-attribute/focus-hour/focus-hour-app,app,multi-attribute,Interests,2
multi-attribute/focus-hour/focus-hour-chat,chat,multi-attribute,Interests,2
multi-attribute/focus-hour/focus-hour-survey,survey,multi-attribute,Interests,2
multi-attribute/focus-hour/focus-hour-web,web,multi-attribute,Interests,2
multi-attribute/foil-not-phrasebook/foil-not-phrasebook-app,app,multi-attribute,Interests,2
multi-attribute/foil-not-phrasebook/foil-not-phrasebook-chat,chat,multi-attribute,Interests,2
multi-attribute/foil-not-phrasebook/foil-not-phrasebook-survey,survey,multi-attribute,Interests,2
multi-attribute/foil-not-phrasebook/foil-not-phrasebook-web,web,multi-attribute,Interests,2
multi-attribute/folds-and-verse/folds-and-verse-app,app,multi-attribute,Interests,2
multi-attribute/folds-and-verse/folds-and-verse-chat,chat,multi-attribute,Interests,2
multi-attribute/folds-and-verse/folds-and-verse-survey,survey,multi-attribute,Interests,2
multi-attribute/folds-and-verse/folds-and-verse-web,web,multi-attribute,Interests,2
multi-attribute/folk-self-help-pair-app,app,multi-attribute,Interests,2
multi-attribute/folk-self-help-pair-web,web,multi-attribute,Interests,2
multi-attribute/forage-not-soul/forage-not-soul-app,app,multi-attribute,Interests,2
multi-attribute/forage-not-soul/forage-not-soul-chat,chat,multi-attribute,Interests,2
multi-attribute/forage-not-soul/forage-not-soul-survey,survey,multi-attribute,Interests,2
multi-attribute/forage-not-soul/forage-not-soul-web,web,multi-attribute,Interests,2
multi-attribute/forge-and-wall/forge-and-wall-app,app,multi-attribute,Interests,2
multi-attribute/forge-and-wall/forge-and-wall-chat,chat,multi-attribute,Interests,2
multi-attribute/forge-and-wall/forge-and-wall-survey,survey,multi-attribute,Interests,2
multi-attribute/forge-and-wall/forge-and-wall-web,web,multi-attribute,Interests,2
multi-attribute/formal-detailed-writer-app,app,multi-attribute,Linguistic,3
multi-attribute/formal-detailed-writer-survey,survey,multi-attribute,Linguistic,3
multi-attribute/formal-detailed-writer-web,web,multi-attribute,Linguistic,3
multi-attribute/formaltone-chat,chat,multi-attribute,Linguistic,3
multi-attribute/formaltone-survey,survey,multi-attribute,Linguistic,3
multi-attribute/formaltone-web,web,multi-attribute,Linguistic,3
multi-attribute/french-action-pair-app,app,multi-attribute,Interests,2
multi-attribute/french-action-pair-web,web,multi-attribute,Interests,2
multi-attribute/frights-not-whodunits/frights-not-whodunits-app,app,multi-attribute,Interests,2
multi-attribute/frights-not-whodunits/frights-not-whodunits-chat,chat,multi-attribute,Interests,2
multi-attribute/frights-not-whodunits/frights-not-whodunits-survey,survey,multi-attribute,Interests,2
multi-attribute/frights-not-whodunits/frights-not-whodunits-web,web,multi-attribute,Interests,2
multi-attribute/front-and-memoir/front-and-memoir-app,app,multi-attribute,Interests,2
multi-attribute/front-and-memoir/front-and-memoir-chat,chat,multi-attribute,Interests,2
multi-attribute/front-and-memoir/front-and-memoir-survey,survey,multi-attribute,Interests,2
multi-attribute/front-and-memoir/front-and-memoir-web,web,multi-attribute,Interests,2
multi-attribute/front-row-afrobeats/front-row-afrobeats-app,app,multi-attribute,Interests,2
multi-attribute/front-row-afrobeats/front-row-afrobeats-chat,chat,multi-attribute,Interests,2
multi-attribute/front-row-afrobeats/front-row-afrobeats-survey,survey,multi-attribute,Interests,2
multi-attribute/front-row-afrobeats/front-row-afrobeats-web,web,multi-attribute,Interests,2
multi-attribute/frugal-budgeter-app,app,multi-attribute,Values & motivation,3
multi-attribute/frugal-budgeter-web,web,multi-attribute,Values & motivation,3
multi-attribute/geography-not-magic/geography-not-magic-app,app,multi-attribute,Learning,2
multi-attribute/geography-not-magic/geography-not-magic-chat,chat,multi-attribute,Learning,2
multi-attribute/geography-not-magic/geography-not-magic-survey,survey,multi-attribute,Learning,2
multi-attribute/geography-not-magic/geography-not-magic-web,web,multi-attribute,Learning,2
multi-attribute/geology-not-calculus/geology-not-calculus-app,app,multi-attribute,Learning,2
multi-attribute/geology-not-calculus/geology-not-calculus-chat,chat,multi-attribute,Learning,2
multi-attribute/geology-not-calculus/geology-not-calculus-survey,survey,multi-attribute,Learning,2
multi-attribute/geology-not-calculus/geology-not-calculus-web,web,multi-attribute,Learning,2
multi-attribute/german-ska-pair-app,app,multi-attribute,Interests,2
multi-attribute/german-ska-pair-web,web,multi-attribute,Interests,2
multi-attribute/gloves-not-gigs/gloves-not-gigs-app,app,multi-attribute,Interests,2
multi-attribute/gloves-not-gigs/gloves-not-gigs-chat,chat,multi-attribute,Interests,2
multi-attribute/gloves-not-gigs/gloves-not-gigs-survey,survey,multi-attribute,Interests,2
multi-attribute/gloves-not-gigs/gloves-not-gigs-web,web,multi-attribute,Interests,2
multi-attribute/gospel-mystery-pair-app,app,multi-attribute,Interests,2
multi-attribute/gospel-mystery-pair-web,web,multi-attribute,Interests,2
multi-attribute/gospel-not-gochujang/gospel-not-gochujang-app,app,multi-attribute,Interests,2
multi-attribute/gospel-not-gochujang/gospel-not-gochujang-chat,chat,multi-attribute,Interests,2
multi-attribute/gospel-not-gochujang/gospel-not-gochujang-survey,survey,multi-attribute,Interests,2
multi-attribute/gospel-not-gochujang/gospel-not-gochujang-web,web,multi-attribute,Interests,2
multi-attribute/graphic-novels-lofi-averse-app,app,multi-attribute,Interests,2
multi-attribute/grateful-honest-app,app,multi-attribute,Personality,3
multi-attribute/grateful-honest-web,web,multi-attribute,Personality,3
multi-attribute/green-room/green-room-app,app,multi-attribute,Interests,2
multi-attribute/green-room/green-room-chat,chat,multi-attribute,Interests,2
multi-attribute/green-room/green-room-survey,survey,multi-attribute,Interests,2
multi-attribute/green-room/green-room-web,web,multi-attribute,Interests,2
multi-attribute/green-tariff-not-credit/green-tariff-not-credit-app,app,multi-attribute,Worldview & beliefs,2
multi-attribute/green-tariff-not-credit/green-tariff-not-credit-chat,chat,multi-attribute,Worldview & beliefs,2
multi-attribute/green-tariff-not-credit/green-tariff-not-credit-survey,survey,multi-attribute,Worldview & beliefs,2
multi-attribute/green-tariff-not-credit/green-tariff-not-credit-web,web,multi-attribute,Worldview & beliefs,2
multi-attribute/gridiron-not-folk/gridiron-not-folk-app,app,multi-attribute,Interests,2
multi-attribute/gridiron-not-folk/gridiron-not-folk-chat,chat,multi-attribute,Interests,2
multi-attribute/gridiron-not-folk/gridiron-not-folk-survey,survey,multi-attribute,Interests,2
multi-attribute/gridiron-not-folk/gridiron-not-folk-web,web,multi-attribute,Interests,2
multi-attribute/groove-and-mic/groove-and-mic-app,app,multi-attribute,Interests,2
multi-attribute/groove-and-mic/groove-and-mic-chat,chat,multi-attribute,Interests,2
multi-attribute/groove-and-mic/groove-and-mic-survey,survey,multi-attribute,Interests,2
multi-attribute/groove-and-mic/groove-and-mic-web,web,multi-attribute,Interests,2
multi-attribute/growth-learner-app,app,multi-attribute,Values & motivation,3
multi-attribute/growth-learner-web,web,multi-attribute,Values & motivation,3
multi-attribute/gymnastics-not-economics/gymnastics-not-economics-app,app,multi-attribute,Interests,2
multi-attribute/gymnastics-not-economics/gymnastics-not-economics-chat,chat,multi-attribute,Interests,2
multi-attribute/gymnastics-not-economics/gymnastics-not-economics-survey,survey,multi-attribute,Interests,2
multi-attribute/gymnastics-not-economics/gymnastics-not-economics-web,web,multi-attribute,Interests,2
multi-attribute/habits-not-hustle/habits-not-hustle-app,app,multi-attribute,Interests,2
multi-attribute/habits-not-hustle/habits-not-hustle-chat,chat,multi-attribute,Interests,2
multi-attribute/habits-not-hustle/habits-not-hustle-survey,survey,multi-attribute,Interests,2
multi-attribute/habits-not-hustle/habits-not-hustle-web,web,multi-attribute,Interests,2
multi-attribute/halloumi-mezze/halloumi-mezze-app,app,multi-attribute,Interests,2
multi-attribute/halloumi-mezze/halloumi-mezze-chat,chat,multi-attribute,Interests,2
multi-attribute/halloumi-mezze/halloumi-mezze-survey,survey,multi-attribute,Interests,2
multi-attribute/halloumi-mezze/halloumi-mezze-web,web,multi-attribute,Interests,2
multi-attribute/hammock-and-moqueca/hammock-and-moqueca-app,app,multi-attribute,Interests,2
multi-attribute/hammock-and-moqueca/hammock-and-moqueca-chat,chat,multi-attribute,Interests,2
multi-attribute/hammock-and-moqueca/hammock-and-moqueca-survey,survey,multi-attribute,Interests,2
multi-attribute/hammock-and-moqueca/hammock-and-moqueca-web,web,multi-attribute,Interests,2
multi-attribute/haskell-sketch-prototype/haskell-sketch-prototype-app,app,multi-attribute,Skills,2
multi-attribute/haskell-sketch-prototype/haskell-sketch-prototype-survey,survey,multi-attribute,Skills,2
multi-attribute/haskell-sketch-prototype/haskell-sketch-prototype-web,web,multi-attribute,Skills,2
multi-attribute/health-not-astronomy/health-not-astronomy-app,app,multi-attribute,Learning,2
multi-attribute/health-not-astronomy/health-not-astronomy-chat,chat,multi-attribute,Learning,2
multi-attribute/health-not-astronomy/health-not-astronomy-survey,survey,multi-attribute,Learning,2
multi-attribute/health-not-astronomy/health-not-astronomy-web,web,multi-attribute,Learning,2
multi-attribute/hide-not-dragons/hide-not-dragons-app,app,multi-attribute,Interests,2
multi-attribute/hide-not-dragons/hide-not-dragons-chat,chat,multi-attribute,Interests,2
multi-attribute/hide-not-dragons/hide-not-dragons-survey,survey,multi-attribute,Interests,2
multi-attribute/hide-not-dragons/hide-not-dragons-web,web,multi-attribute,Interests,2
multi-attribute/hides-not-consoles/hides-not-consoles-app,app,multi-attribute,Interests,2
multi-attribute/hides-not-consoles/hides-not-consoles-chat,chat,multi-attribute,Interests,2
multi-attribute/hides-not-consoles/hides-not-consoles-survey,survey,multi-attribute,Interests,2
multi-attribute/hides-not-consoles/hides-not-consoles-web,web,multi-attribute,Interests,2
multi-attribute/high-roller-app,app,multi-attribute,Risk & decision,2
multi-attribute/high-roller-chat,chat,multi-attribute,Risk & decision,2
multi-attribute/high-roller-survey,survey,multi-attribute,Risk & decision,2
multi-attribute/high-roller-web,web,multi-attribute,Risk & decision,2
multi-attribute/history-not-health/history-not-health-app,app,multi-attribute,Learning,2
multi-attribute/history-not-health/history-not-health-chat,chat,multi-attribute,Learning,2
multi-attribute/history-not-health/history-not-health-survey,survey,multi-attribute,Learning,2
multi-attribute/hives-not-nibs/hives-not-nibs-app,app,multi-attribute,Interests,2
multi-attribute/hives-not-nibs/hives-not-nibs-chat,chat,multi-attribute,Interests,2
multi-attribute/hives-not-nibs/hives-not-nibs-survey,survey,multi-attribute,Interests,2
multi-attribute/hives-not-nibs/hives-not-nibs-web,web,multi-attribute,Interests,2
multi-attribute/home-kiln/home-kiln-app,app,multi-attribute,Interests,2
multi-attribute/home-kiln/home-kiln-survey,survey,multi-attribute,Interests,2
multi-attribute/home-kiln/home-kiln-web,web,multi-attribute,Interests,2
multi-attribute/hooks-not-hypotheses/hooks-not-hypotheses-app,app,multi-attribute,Interests,2
multi-attribute/hooks-not-hypotheses/hooks-not-hypotheses-chat,chat,multi-attribute,Interests,2
multi-attribute/hooks-not-hypotheses/hooks-not-hypotheses-survey,survey,multi-attribute,Interests,2
multi-attribute/hooks-not-hypotheses/hooks-not-hypotheses-web,web,multi-attribute,Interests,2
multi-attribute/hoop-not-app/hoop-not-app-app,app,multi-attribute,Interests,2
multi-attribute/hoop-not-app/hoop-not-app-chat,chat,multi-attribute,Interests,2
multi-attribute/hoop-not-app/hoop-not-app-survey,survey,multi-attribute,Interests,2
multi-attribute/hoop-not-app/hoop-not-app-web,web,multi-attribute,Interests,2
multi-attribute/house-not-houses/house-not-houses-app,app,multi-attribute,Interests,2
multi-attribute/house-not-houses/house-not-houses-chat,chat,multi-attribute,Interests,2
multi-attribute/house-not-houses/house-not-houses-survey,survey,multi-attribute,Interests,2
multi-attribute/house-not-houses/house-not-houses-web,web,multi-attribute,Interests,2
multi-attribute/house-young-adult-pair-app,app,multi-attribute,Interests,2
multi-attribute/house-young-adult-pair-web,web,multi-attribute,Interests,2
multi-attribute/humble-teamplayer-app,app,multi-attribute,Personality,3
multi-attribute/humble-teamplayer-web,web,multi-attribute,Personality,3
multi-attribute/idols-and-epics/idols-and-epics-app,app,multi-attribute,Interests,2
multi-attribute/idols-and-epics/idols-and-epics-chat,chat,multi-attribute,Interests,2
multi-attribute/idols-and-epics/idols-and-epics-survey,survey,multi-attribute,Interests,2
multi-attribute/idols-and-epics/idols-and-epics-web,web,multi-attribute,Interests,2
multi-attribute/improv-not-drones/improv-not-drones-chat,chat,multi-attribute,Interests,2
multi-attribute/improv-not-drones/improv-not-drones-survey,survey,multi-attribute,Interests,2
multi-attribute/improv-not-ska/improv-not-ska-app,app,multi-attribute,Interests,2
multi-attribute/improv-not-ska/improv-not-ska-chat,chat,multi-attribute,Interests,2
multi-attribute/improv-not-ska/improv-not-ska-survey,survey,multi-attribute,Interests,2
multi-attribute/improv-not-ska/improv-not-ska-web,web,multi-attribute,Interests,2
multi-attribute/independent-autonomous-app,app,multi-attribute,Values & motivation,3
multi-attribute/independent-autonomous-web,web,multi-attribute,Values & motivation,3
multi-attribute/indie-film-funk-pair-app,app,multi-attribute,Interests,2
multi-attribute/indie-film-funk-pair-web,web,multi-attribute,Interests,2
multi-attribute/indie-not-rnb/indie-not-rnb-app,app,multi-attribute,Interests,2
multi-attribute/indie-not-rnb/indie-not-rnb-chat,chat,multi-attribute,Interests,2
multi-attribute/indie-not-rnb/indie-not-rnb-survey,survey,multi-attribute,Interests,2
multi-attribute/indie-not-rnb/indie-not-rnb-web,web,multi-attribute,Interests,2
multi-attribute/indie-true-crime-pair-app,app,multi-attribute,Interests,2
multi-attribute/indie-true-crime-pair-web,web,multi-attribute,Interests,2
multi-attribute/indoor-joinery/indoor-joinery-app,app,multi-attribute,Behavior,2
multi-attribute/indoor-joinery/indoor-joinery-chat,chat,multi-attribute,Behavior,2
multi-attribute/indoor-joinery/indoor-joinery-survey,survey,multi-attribute,Behavior,2
multi-attribute/indoor-joinery/indoor-joinery-web,web,multi-attribute,Behavior,2
multi-attribute/injera-not-iambs/injera-not-iambs-app,app,multi-attribute,Interests,2
multi-attribute/injera-not-iambs/injera-not-iambs-chat,chat,multi-attribute,Interests,2
multi-attribute/injera-not-iambs/injera-not-iambs-survey,survey,multi-attribute,Interests,2
multi-attribute/injera-not-iambs/injera-not-iambs-web,web,multi-attribute,Interests,2
multi-attribute/japanese-birdwatching-pair-app,app,multi-attribute,Interests,2
multi-attribute/japanese-birdwatching-pair-web,web,multi-attribute,Interests,2
multi-attribute/jollof-not-drills/jollof-not-drills-app,app,multi-attribute,Interests,2
multi-attribute/jollof-not-drills/jollof-not-drills-chat,chat,multi-attribute,Interests,2
multi-attribute/jollof-not-drills/jollof-not-drills-survey,survey,multi-attribute,Interests,2
multi-attribute/jollof-not-drills/jollof-not-drills-web,web,multi-attribute,Interests,2
multi-attribute/kickflip-not-kpop/kickflip-not-kpop-app,app,multi-attribute,Interests,2
multi-attribute/kickflip-not-kpop/kickflip-not-kpop-chat,chat,multi-attribute,Interests,2
multi-attribute/kickflip-not-kpop/kickflip-not-kpop-survey,survey,multi-attribute,Interests,2
multi-attribute/kickflip-not-kpop/kickflip-not-kpop-web,web,multi-attribute,Interests,2
multi-attribute/kind-forgiving-app,app,multi-attribute,Personality,3
multi-attribute/kind-forgiving-web,web,multi-attribute,Personality,3
multi-attribute/kits-not-showtunes/kits-not-showtunes-app,app,multi-attribute,Interests,2
multi-attribute/kits-not-showtunes/kits-not-showtunes-chat,chat,multi-attribute,Interests,2
multi-attribute/kits-not-showtunes/kits-not-showtunes-survey,survey,multi-attribute,Interests,2
multi-attribute/kits-not-showtunes/kits-not-showtunes-web,web,multi-attribute,Interests,2
multi-attribute/knowledge-seeker-app,app,multi-attribute,Values & motivation,3
multi-attribute/knowledge-seeker-web,web,multi-attribute,Values & motivation,3
multi-attribute/known-repertoire/known-repertoire-app,app,multi-attribute,Interests,2
multi-attribute/known-repertoire/known-repertoire-chat,chat,multi-attribute,Interests,2
multi-attribute/known-repertoire/known-repertoire-survey,survey,multi-attribute,Interests,2
multi-attribute/known-repertoire/known-repertoire-web,web,multi-attribute,Interests,2
multi-attribute/languages-not-civics/languages-not-civics-survey,survey,multi-attribute,Learning,2
multi-attribute/latin-romance-pair-app,app,multi-attribute,Interests,2
multi-attribute/latin-romance-pair-web,web,multi-attribute,Interests,2
multi-attribute/laughs-delivered/laughs-delivered-app,app,multi-attribute,Interests,2
multi-attribute/laughs-delivered/laughs-delivered-chat,chat,multi-attribute,Interests,2
multi-attribute/laughs-delivered/laughs-delivered-survey,survey,multi-attribute,Interests,2
multi-attribute/laughs-delivered/laughs-delivered-web,web,multi-attribute,Interests,2
multi-attribute/layouts-not-indies/layouts-not-indies-app,app,multi-attribute,Interests,2
multi-attribute/layouts-not-indies/layouts-not-indies-chat,chat,multi-attribute,Interests,2
multi-attribute/layouts-not-indies/layouts-not-indies-survey,survey,multi-attribute,Interests,2
multi-attribute/layouts-not-indies/layouts-not-indies-web,web,multi-attribute,Interests,2
multi-attribute/leather-not-landfill/leather-not-landfill-app,app,multi-attribute,Interests,2
multi-attribute/leather-not-landfill/leather-not-landfill-chat,chat,multi-attribute,Interests,2
multi-attribute/leather-not-landfill/leather-not-landfill-survey,survey,multi-attribute,Interests,2
multi-attribute/ledgers-not-mala/ledgers-not-mala-app,app,multi-attribute,Interests,2
multi-attribute/ledgers-not-mala/ledgers-not-mala-chat,chat,multi-attribute,Interests,2
multi-attribute/ledgers-not-mala/ledgers-not-mala-survey,survey,multi-attribute,Interests,2
multi-attribute/ledgers-not-mala/ledgers-not-mala-web,web,multi-attribute,Interests,2
multi-attribute/lens-not-lecture/lens-not-lecture-app,app,multi-attribute,Interests,2
multi-attribute/lens-not-lecture/lens-not-lecture-chat,chat,multi-attribute,Interests,2
multi-attribute/lens-not-lecture/lens-not-lecture-survey,survey,multi-attribute,Interests,2
multi-attribute/lens-not-lecture/lens-not-lecture-web,web,multi-attribute,Interests,2
multi-attribute/lifelong-learner-app,app,multi-attribute,Learning,3
multi-attribute/lifelong-learner-web,web,multi-attribute,Learning,3
multi-attribute/lift-for-paws/lift-for-paws-app,app,multi-attribute,Interests,2
multi-attribute/lift-for-paws/lift-for-paws-chat,chat,multi-attribute,Interests,2
multi-attribute/lift-for-paws/lift-for-paws-survey,survey,multi-attribute,Interests,2
multi-attribute/literature-not-history/literature-not-history-app,app,multi-attribute,Learning,2
multi-attribute/literature-not-history/literature-not-history-chat,chat,multi-attribute,Learning,2
multi-attribute/literature-not-history/literature-not-history-survey,survey,multi-attribute,Learning,2
multi-attribute/literature-not-history/literature-not-history-web,web,multi-attribute,Learning,2
multi-attribute/live-voice-language-briefing/live-voice-language-briefing-chat,chat,multi-attribute,Expertise,2
multi-attribute/loaves-not-gospel/loaves-not-gospel-app,app,multi-attribute,Interests,2
multi-attribute/loaves-not-gospel/loaves-not-gospel-chat,chat,multi-attribute,Interests,2
multi-attribute/loaves-not-gospel/loaves-not-gospel-web,web,multi-attribute,Interests,2
multi-attribute/lofi-not-paella/lofi-not-paella-app,app,multi-attribute,Interests,2
multi-attribute/lofi-not-paella/lofi-not-paella-chat,chat,multi-attribute,Interests,2
multi-attribute/lofi-not-paella/lofi-not-paella-web,web,multi-attribute,Interests,2
multi-attribute/logic-not-ecology/logic-not-ecology-app,app,multi-attribute,Learning,2
multi-attribute/logic-not-ecology/logic-not-ecology-chat,chat,multi-attribute,Learning,2
multi-attribute/logic-not-ecology/logic-not-ecology-survey,survey,multi-attribute,Learning,2
multi-attribute/logic-not-ecology/logic-not-ecology-web,web,multi-attribute,Learning,2
multi-attribute/low-carb-not-tokyo/low-carb-not-tokyo-app,app,multi-attribute,Health,2
multi-attribute/low-carb-not-tokyo/low-carb-not-tokyo-chat,chat,multi-attribute,Health,2
multi-attribute/low-carb-not-tokyo/low-carb-not-tokyo-survey,survey,multi-attribute,Health,2
multi-attribute/low-carb-not-tokyo/low-carb-not-tokyo-web,web,multi-attribute,Health,2
multi-attribute/loyal-fair-app,app,multi-attribute,Personality,3
multi-attribute/loyal-fair-web,web,multi-attribute,Personality,3
multi-attribute/martialarts-not-psychology/martialarts-not-psychology-app,app,multi-attribute,Interests,2
multi-attribute/martialarts-not-psychology/martialarts-not-psychology-chat,chat,multi-attribute,Interests,2
multi-attribute/martialarts-not-psychology/martialarts-not-psychology-survey,survey,multi-attribute,Interests,2
multi-attribute/martialarts-not-psychology/martialarts-not-psychology-web,web,multi-attribute,Interests,2
multi-attribute/mat-not-techno/mat-not-techno-app,app,multi-attribute,Interests,2
multi-attribute/mat-not-techno/mat-not-techno-chat,chat,multi-attribute,Interests,2
multi-attribute/mat-not-techno/mat-not-techno-web,web,multi-attribute,Interests,2
multi-attribute/mealprep-healthnut-app,app,multi-attribute,Health,3
multi-attribute/mealprep-healthnut-web,web,multi-attribute,Health,3
multi-attribute/memoir-books-animation-averse-app,app,multi-attribute,Interests,2
multi-attribute/memoir-books-animation-averse-web,web,multi-attribute,Interests,2
multi-attribute/metal-horror-pair-app,app,multi-attribute,Interests,2
multi-attribute/metal-horror-pair-web,web,multi-attribute,Interests,2
multi-attribute/metal-not-moodboards/metal-not-moodboards-app,app,multi-attribute,Interests,2
multi-attribute/metal-not-moodboards/metal-not-moodboards-chat,chat,multi-attribute,Interests,2
multi-attribute/metal-not-moodboards/metal-not-moodboards-survey,survey,multi-attribute,Interests,2
multi-attribute/metal-not-moodboards/metal-not-moodboards-web,web,multi-attribute,Interests,2
multi-attribute/meticulous-organizer-app,app,multi-attribute,Behavior,3
multi-attribute/meticulous-organizer-survey,survey,multi-attribute,Behavior,3
multi-attribute/meticulous-organizer-web,web,multi-attribute,Behavior,3
multi-attribute/mezze-not-tents/mezze-not-tents-app,app,multi-attribute,Interests,2
multi-attribute/mezze-not-tents/mezze-not-tents-chat,chat,multi-attribute,Interests,2
multi-attribute/mezze-not-tents/mezze-not-tents-survey,survey,multi-attribute,Interests,2
multi-attribute/mezze-not-tents/mezze-not-tents-web,web,multi-attribute,Interests,2
multi-attribute/mindful-meditator-web,web,multi-attribute,Behavior,3
multi-attribute/mma-not-polytheory/mma-not-polytheory-app,app,multi-attribute,Interests,2
multi-attribute/mma-not-polytheory/mma-not-polytheory-chat,chat,multi-attribute,Interests,2
multi-attribute/mma-not-polytheory/mma-not-polytheory-survey,survey,multi-attribute,Interests,2
multi-attribute/mma-not-polytheory/mma-not-polytheory-web,web,multi-attribute,Interests,2
multi-attribute/mobileplan-chat,chat,multi-attribute,Interests,3
multi-attribute/model-stage-briefing/model-stage-briefing-app,app,multi-attribute,Expertise,2
multi-attribute/model-stage-briefing/model-stage-briefing-survey,survey,multi-attribute,Expertise,2
multi-attribute/morningkit-app,app,multi-attribute,Behavior,2
multi-attribute/morningkit-chat,chat,multi-attribute,Behavior,2
multi-attribute/morningkit-web,web,multi-attribute,Behavior,2
multi-attribute/museum-and-cape/museum-and-cape-app,app,multi-attribute,Interests,2
multi-attribute/museum-and-cape/museum-and-cape-chat,chat,multi-attribute,Interests,2
multi-attribute/museum-and-cape/museum-and-cape-web,web,multi-attribute,Interests,2
multi-attribute/music-film-lover-app,app,multi-attribute,Interests,2
multi-attribute/music-film-lover-chat,chat,multi-attribute,Interests,2
multi-attribute/music-film-lover-web,web,multi-attribute,Interests,2
multi-attribute/music-not-rock/music-not-rock-app,app,multi-attribute,Learning,2
multi-attribute/music-not-rock/music-not-rock-chat,chat,multi-attribute,Learning,2
multi-attribute/music-not-rock/music-not-rock-survey,survey,multi-attribute,Learning,2
multi-attribute/music-not-rock/music-not-rock-web,web,multi-attribute,Learning,2
multi-attribute/musical-reggaeton-night/musical-reggaeton-night-chat,chat,multi-attribute,Interests,2
multi-attribute/musicals-not-mantras/musicals-not-mantras-app,app,multi-attribute,Interests,2
multi-attribute/musicals-not-mantras/musicals-not-mantras-chat,chat,multi-attribute,Interests,2
multi-attribute/musicals-not-mantras/musicals-not-mantras-survey,survey,multi-attribute,Interests,2
multi-attribute/musicals-not-mantras/musicals-not-mantras-web,web,multi-attribute,Interests,2
multi-attribute/nextchapterhomes-web,web,multi-attribute,Behavior,3
multi-attribute/nib-and-nozzle/nib-and-nozzle-app,app,multi-attribute,Interests,2
multi-attribute/nib-and-nozzle/nib-and-nozzle-chat,chat,multi-attribute,Interests,2
multi-attribute/nib-and-nozzle/nib-and-nozzle-survey,survey,multi-attribute,Interests,2
multi-attribute/nib-and-nozzle/nib-and-nozzle-web,web,multi-attribute,Interests,2
multi-attribute/nibs-not-toons/nibs-not-toons-app,app,multi-attribute,Interests,2
multi-attribute/nibs-not-toons/nibs-not-toons-chat,chat,multi-attribute,Interests,2
multi-attribute/nibs-not-toons/nibs-not-toons-survey,survey,multi-attribute,Interests,2
multi-attribute/nibs-not-toons/nibs-not-toons-web,web,multi-attribute,Interests,2
multi-attribute/nightowl-creative-app,app,multi-attribute,Personality,3
multi-attribute/nightowl-creative-web,web,multi-attribute,Personality,3
multi-attribute/no-action-no-verse/no-action-no-verse-app,app,multi-attribute,Interests,2
multi-attribute/no-action-no-verse/no-action-no-verse-chat,chat,multi-attribute,Interests,2
multi-attribute/no-action-no-verse/no-action-no-verse-survey,survey,multi-attribute,Interests,2
multi-attribute/no-action-no-verse/no-action-no-verse-web,web,multi-attribute,Interests,2
multi-attribute/no-afrobeats-no-disaster/no-afrobeats-no-disaster-app,app,multi-attribute,Interests,2
multi-attribute/no-afrobeats-no-disaster/no-afrobeats-no-disaster-chat,chat,multi-attribute,Interests,2
multi-attribute/no-afrobeats-no-disaster/no-afrobeats-no-disaster-survey,survey,multi-attribute,Interests,2
multi-attribute/no-afrobeats-no-disaster/no-afrobeats-no-disaster-web,web,multi-attribute,Interests,2
multi-attribute/no-ambient-no-ceviche/no-ambient-no-ceviche-app,app,multi-attribute,Interests,2
multi-attribute/no-ambient-no-ceviche/no-ambient-no-ceviche-chat,chat,multi-attribute,Interests,2
multi-attribute/no-ambient-no-ceviche/no-ambient-no-ceviche-survey,survey,multi-attribute,Interests,2
multi-attribute/no-ambient-no-ceviche/no-ambient-no-ceviche-web,web,multi-attribute,Interests,2
multi-attribute/no-arthouse-no-jollof/no-arthouse-no-jollof-app,app,multi-attribute,Interests,2
multi-attribute/no-arthouse-no-jollof/no-arthouse-no-jollof-chat,chat,multi-attribute,Interests,2
multi-attribute/no-arthouse-no-jollof/no-arthouse-no-jollof-survey,survey,multi-attribute,Interests,2
multi-attribute/no-arthouse-no-jollof/no-arthouse-no-jollof-web,web,multi-attribute,Interests,2
multi-attribute/no-bluegrass-no-veggie/no-bluegrass-no-veggie-app,app,multi-attribute,Interests,2
multi-attribute/no-bluegrass-no-veggie/no-bluegrass-no-veggie-chat,chat,multi-attribute,Interests,2
multi-attribute/no-bluegrass-no-veggie/no-bluegrass-no-veggie-survey,survey,multi-attribute,Interests,2
multi-attribute/no-bluegrass-no-veggie/no-bluegrass-no-veggie-web,web,multi-attribute,Interests,2
multi-attribute/no-budgets-no-comics/no-budgets-no-comics-app,app,multi-attribute,Interests,2
multi-attribute/no-budgets-no-comics/no-budgets-no-comics-chat,chat,multi-attribute,Interests,2
multi-attribute/no-budgets-no-comics/no-budgets-no-comics-survey,survey,multi-attribute,Interests,2
multi-attribute/no-budgets-no-comics/no-budgets-no-comics-web,web,multi-attribute,Interests,2
multi-attribute/no-catwalk-no-vegan/no-catwalk-no-vegan-app,app,multi-attribute,Interests,2
multi-attribute/no-catwalk-no-vegan/no-catwalk-no-vegan-chat,chat,multi-attribute,Interests,2
multi-attribute/no-catwalk-no-vegan/no-catwalk-no-vegan-survey,survey,multi-attribute,Interests,2
multi-attribute/no-catwalk-no-vegan/no-catwalk-no-vegan-web,web,multi-attribute,Interests,2
multi-attribute/no-collectors-no-ramen/no-collectors-no-ramen-app,app,multi-attribute,Interests,2
multi-attribute/no-collectors-no-ramen/no-collectors-no-ramen-chat,chat,multi-attribute,Interests,2
multi-attribute/no-collectors-no-ramen/no-collectors-no-ramen-survey,survey,multi-attribute,Interests,2
multi-attribute/no-collectors-no-ramen/no-collectors-no-ramen-web,web,multi-attribute,Interests,2
multi-attribute/no-cookery-no-litfic/no-cookery-no-litfic-app,app,multi-attribute,Interests,2
multi-attribute/no-cookery-no-litfic/no-cookery-no-litfic-chat,chat,multi-attribute,Interests,2
multi-attribute/no-cookery-no-litfic/no-cookery-no-litfic-survey,survey,multi-attribute,Interests,2
multi-attribute/no-cookery-no-litfic/no-cookery-no-litfic-web,web,multi-attribute,Interests,2
multi-attribute/no-drama-no-cookbooks/no-drama-no-cookbooks-app,app,multi-attribute,Interests,2
multi-attribute/no-drama-no-cookbooks/no-drama-no-cookbooks-chat,chat,multi-attribute,Interests,2
multi-attribute/no-drama-no-cookbooks/no-drama-no-cookbooks-survey,survey,multi-attribute,Interests,2
multi-attribute/no-drama-no-cookbooks/no-drama-no-cookbooks-web,web,multi-attribute,Interests,2
multi-attribute/no-dramedy-no-karahi/no-dramedy-no-karahi-app,app,multi-attribute,Interests,2
multi-attribute/no-dramedy-no-karahi/no-dramedy-no-karahi-chat,chat,multi-attribute,Interests,2
multi-attribute/no-dramedy-no-karahi/no-dramedy-no-karahi-survey,survey,multi-attribute,Interests,2
multi-attribute/no-dramedy-no-karahi/no-dramedy-no-karahi-web,web,multi-attribute,Interests,2
multi-attribute/no-gadgets-no-essays/no-gadgets-no-essays-chat,chat,multi-attribute,Interests,2
multi-attribute/no-gadgets-no-essays/no-gadgets-no-essays-survey,survey,multi-attribute,Interests,2
multi-attribute/no-gyros-no-capes/no-gyros-no-capes-app,app,multi-attribute,Interests,2
multi-attribute/no-gyros-no-capes/no-gyros-no-capes-chat,chat,multi-attribute,Interests,2
multi-attribute/no-gyros-no-capes/no-gyros-no-capes-survey,survey,multi-attribute,Interests,2
multi-attribute/no-gyros-no-capes/no-gyros-no-capes-web,web,multi-attribute,Interests,2
multi-attribute/no-hides-no-hustle/no-hides-no-hustle-app,app,multi-attribute,Interests,2
multi-attribute/no-hides-no-hustle/no-hides-no-hustle-chat,chat,multi-attribute,Interests,2
multi-attribute/no-hides-no-hustle/no-hides-no-hustle-survey,survey,multi-attribute,Interests,2
multi-attribute/no-hides-no-hustle/no-hides-no-hustle-web,web,multi-attribute,Interests,2
multi-attribute/no-history-no-smorgasbord/no-history-no-smorgasbord-app,app,multi-attribute,Interests,2
multi-attribute/no-history-no-smorgasbord/no-history-no-smorgasbord-chat,chat,multi-attribute,Interests,2
multi-attribute/no-history-no-smorgasbord/no-history-no-smorgasbord-survey,survey,multi-attribute,Interests,2
multi-attribute/no-history-no-smorgasbord/no-history-no-smorgasbord-web,web,multi-attribute,Interests,2
multi-attribute/no-jazz-no-sushi/no-jazz-no-sushi-app,app,multi-attribute,Interests,2
multi-attribute/no-jazz-no-sushi/no-jazz-no-sushi-chat,chat,multi-attribute,Interests,2
multi-attribute/no-jazz-no-sushi/no-jazz-no-sushi-survey,survey,multi-attribute,Interests,2
multi-attribute/no-jazz-no-sushi/no-jazz-no-sushi-web,web,multi-attribute,Interests,2
multi-attribute/no-kebabs-no-dragons/no-kebabs-no-dragons-app,app,multi-attribute,Interests,2
multi-attribute/no-kebabs-no-dragons/no-kebabs-no-dragons-chat,chat,multi-attribute,Interests,2
multi-attribute/no-kebabs-no-dragons/no-kebabs-no-dragons-survey,survey,multi-attribute,Interests,2
multi-attribute/no-kebabs-no-dragons/no-kebabs-no-dragons-web,web,multi-attribute,Interests,2
multi-attribute/no-litfest-no-shawarma/no-litfest-no-shawarma-app,app,multi-attribute,Interests,2
multi-attribute/no-litfest-no-shawarma/no-litfest-no-shawarma-chat,chat,multi-attribute,Interests,2
multi-attribute/no-litfest-no-shawarma/no-litfest-no-shawarma-survey,survey,multi-attribute,Interests,2
multi-attribute/no-litfest-no-shawarma/no-litfest-no-shawarma-web,web,multi-attribute,Interests,2
multi-attribute/no-mindfulness-no-travelogues/no-mindfulness-no-travelogues-app,app,multi-attribute,Interests,2
multi-attribute/no-mindfulness-no-travelogues/no-mindfulness-no-travelogues-chat,chat,multi-attribute,Interests,2
multi-attribute/no-mindfulness-no-travelogues/no-mindfulness-no-travelogues-survey,survey,multi-attribute,Interests,2
multi-attribute/no-mindfulness-no-travelogues/no-mindfulness-no-travelogues-web,web,multi-attribute,Interests,2
multi-attribute/no-plato-no-grits/no-plato-no-grits-app,app,multi-attribute,Interests,2
multi-attribute/no-plato-no-grits/no-plato-no-grits-chat,chat,multi-attribute,Interests,2
multi-attribute/no-plato-no-grits/no-plato-no-grits-survey,survey,multi-attribute,Interests,2
multi-attribute/no-plato-no-grits/no-plato-no-grits-web,web,multi-attribute,Interests,2
multi-attribute/no-printers-no-popsci/no-printers-no-popsci-app,app,multi-attribute,Interests,2
multi-attribute/no-printers-no-popsci/no-printers-no-popsci-chat,chat,multi-attribute,Interests,2
multi-attribute/no-printers-no-popsci/no-printers-no-popsci-survey,survey,multi-attribute,Interests,2
multi-attribute/no-printers-no-popsci/no-printers-no-popsci-web,web,multi-attribute,Interests,2
multi-attribute/no-rockets-no-selfhelp/no-rockets-no-selfhelp-app,app,multi-attribute,Interests,2
multi-attribute/no-rockets-no-selfhelp/no-rockets-no-selfhelp-chat,chat,multi-attribute,Interests,2
multi-attribute/no-rockets-no-selfhelp/no-rockets-no-selfhelp-survey,survey,multi-attribute,Interests,2
multi-attribute/no-rockets-no-selfhelp/no-rockets-no-selfhelp-web,web,multi-attribute,Interests,2
multi-attribute/no-sagas-no-tapas/no-sagas-no-tapas-app,app,multi-attribute,Interests,2
multi-attribute/no-sagas-no-tapas/no-sagas-no-tapas-chat,chat,multi-attribute,Interests,2
multi-attribute/no-sagas-no-tapas/no-sagas-no-tapas-survey,survey,multi-attribute,Interests,2
multi-attribute/no-sagas-no-tapas/no-sagas-no-tapas-web,web,multi-attribute,Interests,2
multi-attribute/no-spin-no-romance/no-spin-no-romance-app,app,multi-attribute,Interests,2
multi-attribute/no-spin-no-romance/no-spin-no-romance-chat,chat,multi-attribute,Interests,2
multi-attribute/no-spin-no-romance/no-spin-no-romance-survey,survey,multi-attribute,Interests,2
multi-attribute/no-spin-no-romance/no-spin-no-romance-web,web,multi-attribute,Interests,2
multi-attribute/no-taproom-no-ledgers/no-taproom-no-ledgers-app,app,multi-attribute,Interests,2
multi-attribute/no-taproom-no-ledgers/no-taproom-no-ledgers-chat,chat,multi-attribute,Interests,2
multi-attribute/no-taproom-no-ledgers/no-taproom-no-ledgers-survey,survey,multi-attribute,Interests,2
multi-attribute/no-taproom-no-ledgers/no-taproom-no-ledgers-web,web,multi-attribute,Interests,2
multi-attribute/no-thrillers-no-memoirs/no-thrillers-no-memoirs-app,app,multi-attribute,Interests,2
multi-attribute/no-thrillers-no-memoirs/no-thrillers-no-memoirs-chat,chat,multi-attribute,Interests,2
multi-attribute/no-thrillers-no-memoirs/no-thrillers-no-memoirs-survey,survey,multi-attribute,Interests,2
multi-attribute/no-thrillers-no-memoirs/no-thrillers-no-memoirs-web,web,multi-attribute,Interests,2
multi-attribute/no-thrillers-no-tacos/no-thrillers-no-tacos-app,app,multi-attribute,Interests,2
multi-attribute/no-thrillers-no-tacos/no-thrillers-no-tacos-chat,chat,multi-attribute,Interests,2
multi-attribute/no-thrillers-no-tacos/no-thrillers-no-tacos-survey,survey,multi-attribute,Interests,2
multi-attribute/no-thrillers-no-tacos/no-thrillers-no-tacos-web,web,multi-attribute,Interests,2
multi-attribute/noir-not-hiphop/noir-not-hiphop-app,app,multi-attribute,Interests,2
multi-attribute/noir-not-hiphop/noir-not-hiphop-chat,chat,multi-attribute,Interests,2
multi-attribute/noir-not-hiphop/noir-not-hiphop-survey,survey,multi-attribute,Interests,2
multi-attribute/noir-not-hiphop/noir-not-hiphop-web,web,multi-attribute,Interests,2
multi-attribute/nomaddesk-web,web,multi-attribute,Behavior,3
multi-attribute/oars-not-noir/oars-not-noir-app,app,multi-attribute,Interests,2
multi-attribute/oars-not-noir/oars-not-noir-chat,chat,multi-attribute,Interests,2
multi-attribute/oars-not-noir/oars-not-noir-survey,survey,multi-attribute,Interests,2
multi-attribute/oars-not-noir/oars-not-noir-web,web,multi-attribute,Interests,2
multi-attribute/oche-not-pho/oche-not-pho-app,app,multi-attribute,Interests,2
multi-attribute/oche-not-pho/oche-not-pho-chat,chat,multi-attribute,Interests,2
multi-attribute/oche-not-pho/oche-not-pho-survey,survey,multi-attribute,Interests,2
multi-attribute/oche-not-pho/oche-not-pho-web,web,multi-attribute,Interests,2
multi-attribute/open-explorer-app,app,multi-attribute,Values & motivation,3
multi-attribute/open-explorer-web,web,multi-attribute,Values & motivation,3
multi-attribute/optimistic-resilient-app,app,multi-attribute,Personality,3
multi-attribute/optimistic-resilient-web,web,multi-attribute,Personality,3
multi-attribute/order-planner-app,app,multi-attribute,Values & motivation,3
multi-attribute/order-planner-web,web,multi-attribute,Values & motivation,3
multi-attribute/outing-preferences-app,app,multi-attribute,Interests,2
multi-attribute/outing-preferences-survey,survey,multi-attribute,Interests,2
multi-attribute/outing-preferences-web,web,multi-attribute,Interests,2
multi-attribute/packpilot-web,web,multi-attribute,Interests,3
multi-attribute/paddle-not-plane/paddle-not-plane-app,app,multi-attribute,Interests,2
multi-attribute/paddle-not-plane/paddle-not-plane-chat,chat,multi-attribute,Interests,2
multi-attribute/pages-not-reels/pages-not-reels-app,app,multi-attribute,Interests,2
multi-attribute/pages-not-reels/pages-not-reels-chat,chat,multi-attribute,Interests,2
multi-attribute/pages-not-reels/pages-not-reels-survey,survey,multi-attribute,Interests,2
multi-attribute/pages-not-reels/pages-not-reels-web,web,multi-attribute,Interests,2
multi-attribute/pakistani-horror-pair-app,app,multi-attribute,Interests,2
multi-attribute/pakistani-horror-pair-web,web,multi-attribute,Interests,2
multi-attribute/paper-philately/paper-philately-app,app,multi-attribute,Expertise,2
multi-attribute/paper-philately/paper-philately-chat,chat,multi-attribute,Expertise,2
multi-attribute/paper-philately/paper-philately-survey,survey,multi-attribute,Expertise,2
multi-attribute/paper-philately/paper-philately-web,web,multi-attribute,Expertise,2
multi-attribute/paperbacks-not-projectors/paperbacks-not-projectors-app,app,multi-attribute,Interests,2
multi-attribute/paperbacks-not-projectors/paperbacks-not-projectors-chat,chat,multi-attribute,Interests,2
multi-attribute/paperbacks-not-projectors/paperbacks-not-projectors-survey,survey,multi-attribute,Interests,2
multi-attribute/paperbacks-not-projectors/paperbacks-not-projectors-web,web,multi-attribute,Interests,2
multi-attribute/pasta-not-pits/pasta-not-pits-app,app,multi-attribute,Interests,2
multi-attribute/pasta-not-pits/pasta-not-pits-chat,chat,multi-attribute,Interests,2
multi-attribute/pasta-not-pits/pasta-not-pits-survey,survey,multi-attribute,Interests,2
multi-attribute/pasta-not-pits/pasta-not-pits-web,web,multi-attribute,Interests,2
multi-attribute/patient-mentor-app,app,multi-attribute,Linguistic,3
multi-attribute/patient-mentor-web,web,multi-attribute,Linguistic,3
multi-attribute/paws-and-caches/paws-and-caches-app,app,multi-attribute,Interests,2
multi-attribute/paws-and-caches/paws-and-caches-chat,chat,multi-attribute,Interests,2
multi-attribute/paws-and-caches/paws-and-caches-survey,survey,multi-attribute,Interests,2
multi-attribute/paws-and-caches/paws-and-caches-web,web,multi-attribute,Interests,2
multi-attribute/pe-not-geography/pe-not-geography-app,app,multi-attribute,Learning,2
multi-attribute/pe-not-geography/pe-not-geography-chat,chat,multi-attribute,Learning,2
multi-attribute/pe-not-geography/pe-not-geography-survey,survey,multi-attribute,Learning,2
multi-attribute/pe-not-geography/pe-not-geography-web,web,multi-attribute,Learning,2
multi-attribute/pelmeni-not-heists/pelmeni-not-heists-app,app,multi-attribute,Interests,2
multi-attribute/pelmeni-not-heists/pelmeni-not-heists-chat,chat,multi-attribute,Interests,2
multi-attribute/pelmeni-not-heists/pelmeni-not-heists-survey,survey,multi-attribute,Interests,2
multi-attribute/philosophy-not-drama/philosophy-not-drama-app,app,multi-attribute,Learning,2
multi-attribute/philosophy-not-drama/philosophy-not-drama-chat,chat,multi-attribute,Learning,2
multi-attribute/philosophy-not-drama/philosophy-not-drama-survey,survey,multi-attribute,Learning,2
multi-attribute/philosophy-not-drama/philosophy-not-drama-web,web,multi-attribute,Learning,2
multi-attribute/philosophy-synthwave-pair-app,app,multi-attribute,Interests,2
multi-attribute/philosophy-synthwave-pair-web,web,multi-attribute,Interests,2
multi-attribute/physics-not-algebra/physics-not-algebra-app,app,multi-attribute,Learning,2
multi-attribute/physics-not-algebra/physics-not-algebra-chat,chat,multi-attribute,Learning,2
multi-attribute/physics-not-algebra/physics-not-algebra-survey,survey,multi-attribute,Learning,2
multi-attribute/physics-not-algebra/physics-not-algebra-web,web,multi-attribute,Learning,2
multi-attribute/pistes-not-lofi/pistes-not-lofi-app,app,multi-attribute,Interests,2
multi-attribute/pistes-not-lofi/pistes-not-lofi-chat,chat,multi-attribute,Interests,2
multi-attribute/pistes-not-lofi/pistes-not-lofi-survey,survey,multi-attribute,Interests,2
multi-attribute/pistes-not-lofi/pistes-not-lofi-web,web,multi-attribute,Interests,2
multi-attribute/pitch-and-plate/pitch-and-plate-app,app,multi-attribute,Interests,2
multi-attribute/pitch-and-plate/pitch-and-plate-chat,chat,multi-attribute,Interests,2
multi-attribute/pitch-and-plate/pitch-and-plate-survey,survey,multi-attribute,Interests,2
multi-attribute/pitch-and-plate/pitch-and-plate-web,web,multi-attribute,Interests,2
multi-attribute/plant-menu-not-influencer/plant-menu-not-influencer-app,app,multi-attribute,Worldview & beliefs,2
multi-attribute/plant-menu-not-influencer/plant-menu-not-influencer-chat,chat,multi-attribute,Worldview & beliefs,2
multi-attribute/plant-menu-not-influencer/plant-menu-not-influencer-survey,survey,multi-attribute,Worldview & beliefs,2
multi-attribute/plant-menu-not-influencer/plant-menu-not-influencer-web,web,multi-attribute,Worldview & beliefs,2
multi-attribute/plato-not-poltergeists/plato-not-poltergeists-app,app,multi-attribute,Interests,2
multi-attribute/plato-not-poltergeists/plato-not-poltergeists-chat,chat,multi-attribute,Interests,2
multi-attribute/plato-not-poltergeists/plato-not-poltergeists-survey,survey,multi-attribute,Interests,2
multi-attribute/plato-not-poltergeists/plato-not-poltergeists-web,web,multi-attribute,Interests,2
multi-attribute/podcast-and-pliers/podcast-and-pliers-app,app,multi-attribute,Interests,2
multi-attribute/podcast-and-pliers/podcast-and-pliers-chat,chat,multi-attribute,Interests,2
multi-attribute/podcast-and-pliers/podcast-and-pliers-survey,survey,multi-attribute,Interests,2
multi-attribute/podcast-and-pliers/podcast-and-pliers-web,web,multi-attribute,Interests,2
multi-attribute/podcasts-not-pelmeni/podcasts-not-pelmeni-app,app,multi-attribute,Interests,2
multi-attribute/podcasts-not-pelmeni/podcasts-not-pelmeni-chat,chat,multi-attribute,Interests,2
multi-attribute/podcasts-not-pelmeni/podcasts-not-pelmeni-survey,survey,multi-attribute,Interests,2
multi-attribute/podcasts-not-pelmeni/podcasts-not-pelmeni-web,web,multi-attribute,Interests,2
multi-attribute/polytheory-not-scifi/polytheory-not-scifi-app,app,multi-attribute,Worldview & beliefs,2
multi-attribute/polytheory-not-scifi/polytheory-not-scifi-chat,chat,multi-attribute,Worldview & beliefs,2
multi-attribute/polytheory-not-scifi/polytheory-not-scifi-survey,survey,multi-attribute,Worldview & beliefs,2
multi-attribute/polytheory-not-scifi/polytheory-not-scifi-web,web,multi-attribute,Worldview & beliefs,2
multi-attribute/powder-and-rope/powder-and-rope-app,app,multi-attribute,Interests,2
multi-attribute/powder-and-rope/powder-and-rope-chat,chat,multi-attribute,Interests,2
multi-attribute/powder-and-rope/powder-and-rope-survey,survey,multi-attribute,Interests,2
multi-attribute/power-status-app,app,multi-attribute,Values & motivation,3
multi-attribute/power-status-survey,survey,multi-attribute,Values & motivation,3
multi-attribute/power-status-web,web,multi-attribute,Values & motivation,3
multi-attribute/principled-altruist-app,app,multi-attribute,Values & motivation,3
multi-attribute/principled-altruist-web,web,multi-attribute,Values & motivation,3
multi-attribute/privacy-guardian-app,app,multi-attribute,Worldview & beliefs,3
multi-attribute/privacy-guardian-web,web,multi-attribute,Worldview & beliefs,3
multi-attribute/prudent-planner-app,app,multi-attribute,Risk & decision,3
multi-attribute/prudent-planner-web,web,multi-attribute,Risk & decision,3
multi-attribute/psychology-not-geology/psychology-not-geology-app,app,multi-attribute,Learning,2
multi-attribute/psychology-not-geology/psychology-not-geology-chat,chat,multi-attribute,Learning,2
multi-attribute/psychology-not-geology/psychology-not-geology-survey,survey,multi-attribute,Learning,2
multi-attribute/psychology-not-geology/psychology-not-geology-web,web,multi-attribute,Learning,2
multi-attribute/punchline-not-jpop/punchline-not-jpop-app,app,multi-attribute,Interests,2
multi-attribute/punchline-not-jpop/punchline-not-jpop-chat,chat,multi-attribute,Interests,2
multi-attribute/punchline-not-jpop/punchline-not-jpop-survey,survey,multi-attribute,Interests,2
multi-attribute/punchline-not-jpop/punchline-not-jpop-web,web,multi-attribute,Interests,2
multi-attribute/punchlines-not-posses/punchlines-not-posses-app,app,multi-attribute,Interests,2
multi-attribute/punchlines-not-posses/punchlines-not-posses-chat,chat,multi-attribute,Interests,2
multi-attribute/punchlines-not-posses/punchlines-not-posses-survey,survey,multi-attribute,Interests,2
multi-attribute/punchlines-not-posses/punchlines-not-posses-web,web,multi-attribute,Interests,2
multi-attribute/punk-not-costume/punk-not-costume-app,app,multi-attribute,Interests,2
multi-attribute/punk-not-costume/punk-not-costume-chat,chat,multi-attribute,Interests,2
multi-attribute/punk-not-costume/punk-not-costume-survey,survey,multi-attribute,Interests,2
multi-attribute/punk-not-costume/punk-not-costume-web,web,multi-attribute,Interests,2
multi-attribute/query-narrative-archive/query-narrative-archive-app,app,multi-attribute,Skills,2
multi-attribute/quiet-frames/quiet-frames-app,app,multi-attribute,Interests,2
multi-attribute/quiet-frames/quiet-frames-chat,chat,multi-attribute,Interests,2
multi-attribute/quiet-frames/quiet-frames-survey,survey,multi-attribute,Interests,2
multi-attribute/quiet-frames/quiet-frames-web,web,multi-attribute,Interests,2
multi-attribute/r-b-mystery-pair-app,app,multi-attribute,Interests,2
multi-attribute/r-b-mystery-pair-web,web,multi-attribute,Interests,2
multi-attribute/ramen-not-trap/ramen-not-trap-app,app,multi-attribute,Interests,2
multi-attribute/ramen-not-trap/ramen-not-trap-chat,chat,multi-attribute,Interests,2
multi-attribute/ramen-not-trap/ramen-not-trap-survey,survey,multi-attribute,Interests,2
multi-attribute/ramen-not-trap/ramen-not-trap-web,web,multi-attribute,Interests,2
multi-attribute/ramen-sci-fi-pair-app,app,multi-attribute,Interests,2
multi-attribute/ramen-sci-fi-pair-web,web,multi-attribute,Interests,2
multi-attribute/reflective-grateful-app,app,multi-attribute,Behavior,3
multi-attribute/reflective-grateful-web,web,multi-attribute,Behavior,3
multi-attribute/reggae-lebanese-pair-app,app,multi-attribute,Interests,2
multi-attribute/reggae-lebanese-pair-web,web,multi-attribute,Interests,2
multi-attribute/reggae-not-revs/reggae-not-revs-app,app,multi-attribute,Interests,2
multi-attribute/reggae-not-revs/reggae-not-revs-chat,chat,multi-attribute,Interests,2
multi-attribute/reggae-not-revs/reggae-not-revs-survey,survey,multi-attribute,Interests,2
multi-attribute/reggae-not-revs/reggae-not-revs-web,web,multi-attribute,Interests,2
multi-attribute/remote-work-champion-app,app,multi-attribute,Behavior,3
multi-attribute/repo-onboarding/repo-onboarding-chat,chat,multi-attribute,Developer,2
multi-attribute/reviews-not-usual-brands/reviews-not-usual-brands-app,app,multi-attribute,Worldview & beliefs,2
multi-attribute/reviews-not-usual-brands/reviews-not-usual-brands-chat,chat,multi-attribute,Worldview & beliefs,2
multi-attribute/reviews-not-usual-brands/reviews-not-usual-brands-survey,survey,multi-attribute,Worldview & beliefs,2
multi-attribute/reviews-not-usual-brands/reviews-not-usual-brands-web,web,multi-attribute,Worldview & beliefs,2
multi-attribute/reviewstyle-chat,chat,multi-attribute,Linguistic,3
multi-attribute/reviewstyle-web,web,multi-attribute,Linguistic,3
multi-attribute/rind-indoors/rind-indoors-app,app,multi-attribute,Interests,2
multi-attribute/rind-indoors/rind-indoors-chat,chat,multi-attribute,Interests,2
multi-attribute/rind-indoors/rind-indoors-survey,survey,multi-attribute,Interests,2
multi-attribute/rind-indoors/rind-indoors-web,web,multi-attribute,Interests,2
multi-attribute/romance-books-noir-averse-app,app,multi-attribute,Interests,2
multi-attribute/romance-books-noir-averse-web,web,multi-attribute,Interests,2
multi-attribute/rooftop-and-radio/rooftop-and-radio-app,app,multi-attribute,Interests,2
multi-attribute/rooftop-and-radio/rooftop-and-radio-chat,chat,multi-attribute,Interests,2
multi-attribute/rooftop-and-radio/rooftop-and-radio-survey,survey,multi-attribute,Interests,2
multi-attribute/rooftop-and-radio/rooftop-and-radio-web,web,multi-attribute,Interests,2
multi-attribute/roots-not-ghosts/roots-not-ghosts-app,app,multi-attribute,Interests,2
multi-attribute/roots-not-ghosts/roots-not-ghosts-chat,chat,multi-attribute,Interests,2
multi-attribute/roots-not-ghosts/roots-not-ghosts-survey,survey,multi-attribute,Interests,2
multi-attribute/roots-not-ghosts/roots-not-ghosts-web,web,multi-attribute,Interests,2
multi-attribute/rowing-not-chess/rowing-not-chess-app,app,multi-attribute,Interests,2
multi-attribute/rowing-not-chess/rowing-not-chess-chat,chat,multi-attribute,Interests,2
multi-attribute/rowing-not-chess/rowing-not-chess-survey,survey,multi-attribute,Interests,2
multi-attribute/rowing-not-chess/rowing-not-chess-web,web,multi-attribute,Interests,2
multi-attribute/rugby-and-volleyball/rugby-and-volleyball-app,app,multi-attribute,Interests,2
multi-attribute/rugby-and-volleyball/rugby-and-volleyball-chat,chat,multi-attribute,Interests,2
multi-attribute/rugby-and-volleyball/rugby-and-volleyball-survey,survey,multi-attribute,Interests,2
multi-attribute/rugby-and-volleyball/rugby-and-volleyball-web,web,multi-attribute,Interests,2
multi-attribute/saddle-and-jerk/saddle-and-jerk-app,app,multi-attribute,Interests,2
multi-attribute/saddle-and-jerk/saddle-and-jerk-chat,chat,multi-attribute,Interests,2
multi-attribute/saddle-and-jerk/saddle-and-jerk-survey,survey,multi-attribute,Interests,2
multi-attribute/saddle-and-jerk/saddle-and-jerk-web,web,multi-attribute,Interests,2
multi-attribute/saddle-not-gumbo/saddle-not-gumbo-app,app,multi-attribute,Interests,2
multi-attribute/saddle-not-gumbo/saddle-not-gumbo-chat,chat,multi-attribute,Interests,2
multi-attribute/saddle-not-gumbo/saddle-not-gumbo-survey,survey,multi-attribute,Interests,2
multi-attribute/safe-for-whiskers/safe-for-whiskers-app,app,multi-attribute,Interests,2
multi-attribute/safe-for-whiskers/safe-for-whiskers-chat,chat,multi-attribute,Interests,2
multi-attribute/safe-for-whiskers/safe-for-whiskers-survey,survey,multi-attribute,Interests,2
multi-attribute/safe-for-whiskers/safe-for-whiskers-web,web,multi-attribute,Interests,2
multi-attribute/salsa-no-sunrise/salsa-no-sunrise-app,app,multi-attribute,Interests,2
multi-attribute/salsa-no-sunrise/salsa-no-sunrise-chat,chat,multi-attribute,Interests,2
multi-attribute/salsa-no-sunrise/salsa-no-sunrise-survey,survey,multi-attribute,Interests,2
multi-attribute/salsa-no-sunrise/salsa-no-sunrise-web,web,multi-attribute,Interests,2
multi-attribute/sawdust-not-trance/sawdust-not-trance-app,app,multi-attribute,Interests,2
multi-attribute/sawdust-not-trance/sawdust-not-trance-chat,chat,multi-attribute,Interests,2
multi-attribute/sawdust-not-trance/sawdust-not-trance-survey,survey,multi-attribute,Interests,2
multi-attribute/sawdust-not-trance/sawdust-not-trance-web,web,multi-attribute,Interests,2
multi-attribute/schnitzel-and-suspense/schnitzel-and-suspense-app,app,multi-attribute,Interests,2
multi-attribute/schnitzel-and-suspense/schnitzel-and-suspense-chat,chat,multi-attribute,Interests,2
multi-attribute/schnitzel-and-suspense/schnitzel-and-suspense-survey,survey,multi-attribute,Interests,2
multi-attribute/schnitzel-and-suspense/schnitzel-and-suspense-web,web,multi-attribute,Interests,2
multi-attribute/scopes-not-starships/scopes-not-starships-app,app,multi-attribute,Interests,2
multi-attribute/scopes-not-starships/scopes-not-starships-chat,chat,multi-attribute,Interests,2
multi-attribute/scopes-not-starships/scopes-not-starships-survey,survey,multi-attribute,Interests,2
multi-attribute/scopes-not-starships/scopes-not-starships-web,web,multi-attribute,Interests,2
multi-attribute/scream-and-scroll/scream-and-scroll-app,app,multi-attribute,Interests,2
multi-attribute/scream-and-scroll/scream-and-scroll-chat,chat,multi-attribute,Interests,2
multi-attribute/scream-and-scroll/scream-and-scroll-survey,survey,multi-attribute,Interests,2
multi-attribute/scream-and-scroll/scream-and-scroll-web,web,multi-attribute,Interests,2
multi-attribute/scrums-and-binoculars/scrums-and-binoculars-app,app,multi-attribute,Interests,2
multi-attribute/scrums-and-binoculars/scrums-and-binoculars-chat,chat,multi-attribute,Interests,2
multi-attribute/scrums-and-binoculars/scrums-and-binoculars-survey,survey,multi-attribute,Interests,2
multi-attribute/scrums-and-binoculars/scrums-and-binoculars-web,web,multi-attribute,Interests,2
multi-attribute/seated-soul/seated-soul-app,app,multi-attribute,Interests,2
multi-attribute/seated-soul/seated-soul-chat,chat,multi-attribute,Interests,2
multi-attribute/seated-soul/seated-soul-survey,survey,multi-attribute,Interests,2
multi-attribute/secular-progressive-app,app,multi-attribute,Values & motivation,3
multi-attribute/secular-progressive-web,web,multi-attribute,Values & motivation,3
multi-attribute/signage-content-routes/signage-content-routes-chat,chat,multi-attribute,Expertise,2
multi-attribute/silver-not-saag/silver-not-saag-app,app,multi-attribute,Interests,2
multi-attribute/silver-not-saag/silver-not-saag-chat,chat,multi-attribute,Interests,2
multi-attribute/silver-not-saag/silver-not-saag-survey,survey,multi-attribute,Interests,2
multi-attribute/silver-not-saag/silver-not-saag-web,web,multi-attribute,Interests,2
multi-attribute/ska-disaster-screening/ska-disaster-screening-app,app,multi-attribute,Interests,2
multi-attribute/ska-disaster-screening/ska-disaster-screening-chat,chat,multi-attribute,Interests,2
multi-attribute/ska-disaster-screening/ska-disaster-screening-survey,survey,multi-attribute,Interests,2
multi-attribute/ska-disaster-screening/ska-disaster-screening-web,web,multi-attribute,Interests,2
multi-attribute/skank-not-stars/skank-not-stars-app,app,multi-attribute,Interests,2
multi-attribute/skank-not-stars/skank-not-stars-chat,chat,multi-attribute,Interests,2
multi-attribute/skank-not-stars/skank-not-stars-survey,survey,multi-attribute,Interests,2
multi-attribute/skank-not-stars/skank-not-stars-web,web,multi-attribute,Interests,2
multi-attribute/skateboarding-not-motorcycles/skateboarding-not-motorcycles-app,app,multi-attribute,Interests,2
multi-attribute/skateboarding-not-motorcycles/skateboarding-not-motorcycles-chat,chat,multi-attribute,Interests,2
multi-attribute/skateboarding-not-motorcycles/skateboarding-not-motorcycles-survey,survey,multi-attribute,Interests,2
multi-attribute/skateboarding-not-motorcycles/skateboarding-not-motorcycles-web,web,multi-attribute,Interests,2
multi-attribute/sketchbook-not-reggaeton/sketchbook-not-reggaeton-app,app,multi-attribute,Interests,2
multi-attribute/sketchbook-not-reggaeton/sketchbook-not-reggaeton-chat,chat,multi-attribute,Interests,2
multi-attribute/sketchbook-not-reggaeton/sketchbook-not-reggaeton-survey,survey,multi-attribute,Interests,2
multi-attribute/sketchbook-not-reggaeton/sketchbook-not-reggaeton-web,web,multi-attribute,Interests,2
multi-attribute/skydive-not-mezze/skydive-not-mezze-app,app,multi-attribute,Interests,2
multi-attribute/skydive-not-mezze/skydive-not-mezze-chat,chat,multi-attribute,Interests,2
multi-attribute/skydive-not-mezze/skydive-not-mezze-survey,survey,multi-attribute,Interests,2
multi-attribute/skydive-not-mezze/skydive-not-mezze-web,web,multi-attribute,Interests,2
multi-attribute/sleights-not-shares/sleights-not-shares-app,app,multi-attribute,Interests,2
multi-attribute/sleights-not-shares/sleights-not-shares-chat,chat,multi-attribute,Interests,2
multi-attribute/sleights-not-shares/sleights-not-shares-survey,survey,multi-attribute,Interests,2
multi-attribute/sleights-not-shares/sleights-not-shares-web,web,multi-attribute,Interests,2
multi-attribute/smartwatch-chat,chat,multi-attribute,Interests,3
multi-attribute/smartwatch-web,web,multi-attribute,Interests,3
multi-attribute/smorgasbord-not-stitches/smorgasbord-not-stitches-app,app,multi-attribute,Interests,2
multi-attribute/smorgasbord-not-stitches/smorgasbord-not-stitches-chat,chat,multi-attribute,Interests,2
multi-attribute/smorgasbord-not-stitches/smorgasbord-not-stitches-survey,survey,multi-attribute,Interests,2
multi-attribute/smorgasbord-not-stitches/smorgasbord-not-stitches-web,web,multi-attribute,Interests,2
multi-attribute/snorkel-not-salsa/snorkel-not-salsa-app,app,multi-attribute,Interests,2
multi-attribute/snorkel-not-salsa/snorkel-not-salsa-chat,chat,multi-attribute,Interests,2
multi-attribute/snorkel-not-salsa/snorkel-not-salsa-survey,survey,multi-attribute,Interests,2
multi-attribute/snorkel-not-salsa/snorkel-not-salsa-web,web,multi-attribute,Interests,2
multi-attribute/snowboarding-and-sailing/snowboarding-and-sailing-app,app,multi-attribute,Interests,2
multi-attribute/snowboarding-and-sailing/snowboarding-and-sailing-chat,chat,multi-attribute,Interests,2
multi-attribute/snowboarding-and-sailing/snowboarding-and-sailing-survey,survey,multi-attribute,Interests,2
multi-attribute/snowboarding-and-sailing/snowboarding-and-sailing-web,web,multi-attribute,Interests,2
multi-attribute/social-media-native-app,app,multi-attribute,Worldview & beliefs,3
multi-attribute/social-media-native-web,web,multi-attribute,Worldview & beliefs,3
multi-attribute/sociology-not-stats/sociology-not-stats-app,app,multi-attribute,Learning,2
multi-attribute/sociology-not-stats/sociology-not-stats-chat,chat,multi-attribute,Learning,2
multi-attribute/sociology-not-stats/sociology-not-stats-survey,survey,multi-attribute,Learning,2
multi-attribute/sociology-not-stats/sociology-not-stats-web,web,multi-attribute,Learning,2
multi-attribute/socratic-sofa/socratic-sofa-app,app,multi-attribute,Interests,2
multi-attribute/socratic-sofa/socratic-sofa-chat,chat,multi-attribute,Interests,2
multi-attribute/socratic-sofa/socratic-sofa-survey,survey,multi-attribute,Interests,2
multi-attribute/socratic-sofa/socratic-sofa-web,web,multi-attribute,Interests,2
multi-attribute/spanish-language-access-app,app,multi-attribute,Linguistic,2
multi-attribute/spanish-language-access-chat,chat,multi-attribute,Linguistic,2
multi-attribute/spanish-tapas-thriller-pair-app,app,multi-attribute,Interests,2
multi-attribute/spanish-tapas-thriller-pair-web,web,multi-attribute,Interests,2
multi-attribute/spin-and-flow/spin-and-flow-app,app,multi-attribute,Interests,2
multi-attribute/spin-and-flow/spin-and-flow-chat,chat,multi-attribute,Interests,2
multi-attribute/spin-and-flow/spin-and-flow-survey,survey,multi-attribute,Interests,2
multi-attribute/spin-and-flow/spin-and-flow-web,web,multi-attribute,Interests,2
multi-attribute/spin-to-riffs/spin-to-riffs-app,app,multi-attribute,Interests,2
multi-attribute/spin-to-riffs/spin-to-riffs-chat,chat,multi-attribute,Interests,2
multi-attribute/spin-to-riffs/spin-to-riffs-survey,survey,multi-attribute,Interests,2
multi-attribute/spin-to-riffs/spin-to-riffs-web,web,multi-attribute,Interests,2
multi-attribute/spiritual-seeker-app,app,multi-attribute,Personality,3
multi-attribute/spiritual-seeker-web,web,multi-attribute,Personality,3
multi-attribute/spreads-not-arias/spreads-not-arias-app,app,multi-attribute,Interests,2
multi-attribute/spreads-not-arias/spreads-not-arias-chat,chat,multi-attribute,Interests,2
multi-attribute/spreads-not-arias/spreads-not-arias-survey,survey,multi-attribute,Interests,2
multi-attribute/spreads-not-arias/spreads-not-arias-web,web,multi-attribute,Interests,2
multi-attribute/sprints-not-disco/sprints-not-disco-app,app,multi-attribute,Interests,2
multi-attribute/sprints-not-disco/sprints-not-disco-chat,chat,multi-attribute,Interests,2
multi-attribute/sprints-not-disco/sprints-not-disco-survey,survey,multi-attribute,Interests,2
multi-attribute/sprints-not-disco/sprints-not-disco-web,web,multi-attribute,Interests,2
multi-attribute/squash-and-weightlifting/squash-and-weightlifting-app,app,multi-attribute,Interests,2
multi-attribute/squash-and-weightlifting/squash-and-weightlifting-chat,chat,multi-attribute,Interests,2
multi-attribute/squash-and-weightlifting/squash-and-weightlifting-survey,survey,multi-attribute,Interests,2
multi-attribute/squash-and-weightlifting/squash-and-weightlifting-web,web,multi-attribute,Interests,2
multi-attribute/squash-not-scones/squash-not-scones-app,app,multi-attribute,Interests,2
multi-attribute/squash-not-scones/squash-not-scones-chat,chat,multi-attribute,Interests,2
multi-attribute/squash-not-scones/squash-not-scones-survey,survey,multi-attribute,Interests,2
multi-attribute/squash-not-scones/squash-not-scones-web,web,multi-attribute,Interests,2
multi-attribute/stanzas-not-strays/stanzas-not-strays-app,app,multi-attribute,Interests,2
multi-attribute/stanzas-not-strays/stanzas-not-strays-chat,chat,multi-attribute,Interests,2
multi-attribute/stanzas-not-strays/stanzas-not-strays-survey,survey,multi-attribute,Interests,2
multi-attribute/stanzas-not-strays/stanzas-not-strays-web,web,multi-attribute,Interests,2
multi-attribute/starships-not-trenches/starships-not-trenches-app,app,multi-attribute,Interests,2
multi-attribute/starships-not-trenches/starships-not-trenches-chat,chat,multi-attribute,Interests,2
multi-attribute/starships-not-trenches/starships-not-trenches-survey,survey,multi-attribute,Interests,2
multi-attribute/starships-not-trenches/starships-not-trenches-web,web,multi-attribute,Interests,2
multi-attribute/statistical-tool-choice-web,web,multi-attribute,Skills,2
multi-attribute/stats-not-physics/stats-not-physics-app,app,multi-attribute,Learning,2
multi-attribute/stats-not-physics/stats-not-physics-chat,chat,multi-attribute,Learning,2
multi-attribute/stats-not-physics/stats-not-physics-survey,survey,multi-attribute,Learning,2
multi-attribute/stats-not-physics/stats-not-physics-web,web,multi-attribute,Learning,2
multi-attribute/sticks-not-series/sticks-not-series-app,app,multi-attribute,Interests,2
multi-attribute/sticks-not-series/sticks-not-series-chat,chat,multi-attribute,Interests,2
multi-attribute/sticks-not-series/sticks-not-series-survey,survey,multi-attribute,Interests,2
multi-attribute/sticks-not-series/sticks-not-series-web,web,multi-attribute,Interests,2
multi-attribute/stillness-not-slapstick/stillness-not-slapstick-app,app,multi-attribute,Worldview & beliefs,2
multi-attribute/stillness-not-slapstick/stillness-not-slapstick-chat,chat,multi-attribute,Worldview & beliefs,2
multi-attribute/stillness-not-slapstick/stillness-not-slapstick-survey,survey,multi-attribute,Worldview & beliefs,2
multi-attribute/stillness-not-slapstick/stillness-not-slapstick-web,web,multi-attribute,Worldview & beliefs,2
multi-attribute/stitch-not-standup/stitch-not-standup-app,app,multi-attribute,Interests,2
multi-attribute/stitch-not-standup/stitch-not-standup-chat,chat,multi-attribute,Interests,2
multi-attribute/stitch-not-standup/stitch-not-standup-survey,survey,multi-attribute,Interests,2
multi-attribute/stitch-not-standup/stitch-not-standup-web,web,multi-attribute,Interests,2
multi-attribute/strikes-not-synths/strikes-not-synths-app,app,multi-attribute,Interests,2
multi-attribute/strikes-not-synths/strikes-not-synths-chat,chat,multi-attribute,Interests,2
multi-attribute/strikes-not-synths/strikes-not-synths-survey,survey,multi-attribute,Interests,2
multi-attribute/strikes-not-synths/strikes-not-synths-web,web,multi-attribute,Interests,2
multi-attribute/superhero-literary-fiction-pair-app,app,multi-attribute,Interests,2
multi-attribute/superhero-literary-fiction-pair-web,web,multi-attribute,Interests,2
multi-attribute/surfing-not-youngadult/surfing-not-youngadult-app,app,multi-attribute,Interests,2
multi-attribute/surfing-not-youngadult/surfing-not-youngadult-chat,chat,multi-attribute,Interests,2
multi-attribute/surfing-not-youngadult/surfing-not-youngadult-survey,survey,multi-attribute,Interests,2
multi-attribute/surfing-not-youngadult/surfing-not-youngadult-web,web,multi-attribute,Interests,2
multi-attribute/swell-not-breaks/swell-not-breaks-app,app,multi-attribute,Interests,2
multi-attribute/swell-not-breaks/swell-not-breaks-chat,chat,multi-attribute,Interests,2
multi-attribute/swell-not-breaks/swell-not-breaks-survey,survey,multi-attribute,Interests,2
multi-attribute/swell-not-breaks/swell-not-breaks-web,web,multi-attribute,Interests,2
multi-attribute/swimming-not-comics/swimming-not-comics-app,app,multi-attribute,Interests,2
multi-attribute/swimming-not-comics/swimming-not-comics-chat,chat,multi-attribute,Interests,2
multi-attribute/swimming-not-comics/swimming-not-comics-survey,survey,multi-attribute,Interests,2
multi-attribute/swimming-not-comics/swimming-not-comics-web,web,multi-attribute,Interests,2
multi-attribute/synths-not-sagas/synths-not-sagas-app,app,multi-attribute,Interests,2
multi-attribute/synths-not-sagas/synths-not-sagas-chat,chat,multi-attribute,Interests,2
multi-attribute/synths-not-sagas/synths-not-sagas-survey,survey,multi-attribute,Interests,2
multi-attribute/synths-not-sagas/synths-not-sagas-web,web,multi-attribute,Interests,2
multi-attribute/tackle-not-biopics/tackle-not-biopics-app,app,multi-attribute,Interests,2
multi-attribute/tackle-not-biopics/tackle-not-biopics-chat,chat,multi-attribute,Interests,2
multi-attribute/tackle-not-biopics/tackle-not-biopics-survey,survey,multi-attribute,Interests,2
multi-attribute/tackle-not-biopics/tackle-not-biopics-web,web,multi-attribute,Interests,2
multi-attribute/tapas-and-romance/tapas-and-romance-app,app,multi-attribute,Interests,2
multi-attribute/tapas-and-romance/tapas-and-romance-chat,chat,multi-attribute,Interests,2
multi-attribute/tapas-and-romance/tapas-and-romance-survey,survey,multi-attribute,Interests,2
multi-attribute/tapas-and-romance/tapas-and-romance-web,web,multi-attribute,Interests,2
multi-attribute/tapas-not-robots/tapas-not-robots-app,app,multi-attribute,Interests,2
multi-attribute/tapas-not-robots/tapas-not-robots-chat,chat,multi-attribute,Interests,2
multi-attribute/tapas-not-robots/tapas-not-robots-survey,survey,multi-attribute,Interests,2
multi-attribute/tapas-not-robots/tapas-not-robots-web,web,multi-attribute,Interests,2
multi-attribute/taproom-not-wontons/taproom-not-wontons-app,app,multi-attribute,Interests,2
multi-attribute/taproom-not-wontons/taproom-not-wontons-chat,chat,multi-attribute,Interests,2
multi-attribute/taproom-not-wontons/taproom-not-wontons-survey,survey,multi-attribute,Interests,2
multi-attribute/taproom-not-wontons/taproom-not-wontons-web,web,multi-attribute,Interests,2
multi-attribute/taverna-strings/taverna-strings-app,app,multi-attribute,Interests,2
multi-attribute/taverna-strings/taverna-strings-chat,chat,multi-attribute,Interests,2
multi-attribute/taverna-strings/taverna-strings-survey,survey,multi-attribute,Interests,2
multi-attribute/taverna-strings/taverna-strings-web,web,multi-attribute,Interests,2
multi-attribute/tech-enthusiast-app,app,multi-attribute,Personality,3
multi-attribute/tech-enthusiast-web,web,multi-attribute,Personality,3
multi-attribute/techno-ethiopian-pair-app,app,multi-attribute,Interests,2
multi-attribute/techno-ethiopian-pair-web,web,multi-attribute,Interests,2
multi-attribute/techno-ticket/techno-ticket-app,app,multi-attribute,Interests,2
multi-attribute/techno-ticket/techno-ticket-chat,chat,multi-attribute,Interests,2
multi-attribute/techno-ticket/techno-ticket-survey,survey,multi-attribute,Interests,2
multi-attribute/techno-ticket/techno-ticket-web,web,multi-attribute,Interests,2
multi-attribute/tennis-and-climbing/tennis-and-climbing-app,app,multi-attribute,Interests,2
multi-attribute/tennis-and-climbing/tennis-and-climbing-chat,chat,multi-attribute,Interests,2
multi-attribute/tennis-and-climbing/tennis-and-climbing-survey,survey,multi-attribute,Interests,2
multi-attribute/tennis-and-climbing/tennis-and-climbing-web,web,multi-attribute,Interests,2
multi-attribute/terrace-biryani/terrace-biryani-app,app,multi-attribute,Interests,2
multi-attribute/terrace-biryani/terrace-biryani-chat,chat,multi-attribute,Interests,2
multi-attribute/terrace-biryani/terrace-biryani-survey,survey,multi-attribute,Interests,2
multi-attribute/terrace-biryani/terrace-biryani-web,web,multi-attribute,Interests,2
multi-attribute/terseship-app,app,multi-attribute,Developer,3
multi-attribute/terseship-chat,chat,multi-attribute,Developer,3
multi-attribute/terseship-survey,survey,multi-attribute,Developer,3
multi-attribute/terseship-web,web,multi-attribute,Developer,3
multi-attribute/thai-thriller-pair-app,app,multi-attribute,Interests,2
multi-attribute/thai-thriller-pair-web,web,multi-attribute,Interests,2
multi-attribute/thermals-not-trawlers/thermals-not-trawlers-app,app,multi-attribute,Interests,2
multi-attribute/thermals-not-trawlers/thermals-not-trawlers-chat,chat,multi-attribute,Interests,2
multi-attribute/thermals-not-trawlers/thermals-not-trawlers-survey,survey,multi-attribute,Interests,2
multi-attribute/thermals-not-trawlers/thermals-not-trawlers-web,web,multi-attribute,Interests,2
multi-attribute/thrifty-minimalist-app,app,multi-attribute,Personality,3
multi-attribute/thrifty-minimalist-web,web,multi-attribute,Personality,3
multi-attribute/thrill-adventurer-app,app,multi-attribute,Personality,3
multi-attribute/thrill-adventurer-survey,survey,multi-attribute,Personality,3
multi-attribute/thrill-adventurer-web,web,multi-attribute,Personality,3
multi-attribute/thrillers-not-tagines/thrillers-not-tagines-app,app,multi-attribute,Interests,2
multi-attribute/thrillers-not-tagines/thrillers-not-tagines-chat,chat,multi-attribute,Interests,2
multi-attribute/thrillers-not-tagines/thrillers-not-tagines-survey,survey,multi-attribute,Interests,2
multi-attribute/thrillers-not-tagines/thrillers-not-tagines-web,web,multi-attribute,Interests,2
multi-attribute/tokyo-waltz/tokyo-waltz-app,app,multi-attribute,Interests,2
multi-attribute/tokyo-waltz/tokyo-waltz-chat,chat,multi-attribute,Interests,2
multi-attribute/tokyo-waltz/tokyo-waltz-survey,survey,multi-attribute,Interests,2
multi-attribute/tokyo-waltz/tokyo-waltz-web,web,multi-attribute,Interests,2
multi-attribute/traditional-conserver-app,app,multi-attribute,Values & motivation,3
multi-attribute/traditional-conserver-survey,survey,multi-attribute,Values & motivation,3
multi-attribute/transit-not-malls/transit-not-malls-app,app,multi-attribute,Worldview & beliefs,2
multi-attribute/transit-not-malls/transit-not-malls-chat,chat,multi-attribute,Worldview & beliefs,2
multi-attribute/transitions-not-anime/transitions-not-anime-app,app,multi-attribute,Interests,2
multi-attribute/transitions-not-anime/transitions-not-anime-chat,chat,multi-attribute,Interests,2
multi-attribute/transitions-not-anime/transitions-not-anime-survey,survey,multi-attribute,Interests,2
multi-attribute/transitions-not-anime/transitions-not-anime-web,web,multi-attribute,Interests,2
multi-attribute/trap-not-trees/trap-not-trees-app,app,multi-attribute,Interests,2
multi-attribute/trap-not-trees/trap-not-trees-chat,chat,multi-attribute,Interests,2
multi-attribute/trap-not-trees/trap-not-trees-survey,survey,multi-attribute,Interests,2
multi-attribute/trap-not-trees/trap-not-trees-web,web,multi-attribute,Interests,2
multi-attribute/traveler-app,app,multi-attribute,Demographic,3
multi-attribute/traveler-web,web,multi-attribute,Demographic,3
multi-attribute/two-stage-pass/two-stage-pass-app,app,multi-attribute,Interests,2
multi-attribute/two-stage-pass/two-stage-pass-chat,chat,multi-attribute,Interests,2
multi-attribute/two-stage-pass/two-stage-pass-survey,survey,multi-attribute,Interests,2
multi-attribute/two-stage-pass/two-stage-pass-web,web,multi-attribute,Interests,2
multi-attribute/vault-not-house/vault-not-house-app,app,multi-attribute,Interests,2
multi-attribute/vault-not-house/vault-not-house-chat,chat,multi-attribute,Interests,2
multi-attribute/vault-not-house/vault-not-house-survey,survey,multi-attribute,Interests,2
multi-attribute/vault-not-house/vault-not-house-web,web,multi-attribute,Interests,2
multi-attribute/volunteer-skills-app,app,multi-attribute,Expertise,3
multi-attribute/volunteer-skills-chat,chat,multi-attribute,Expertise,3
multi-attribute/volunteer-skills-web,web,multi-attribute,Expertise,3
multi-attribute/wall-for-the-river/wall-for-the-river-app,app,multi-attribute,Interests,2
multi-attribute/wall-for-the-river/wall-for-the-river-chat,chat,multi-attribute,Interests,2
multi-attribute/wall-for-the-river/wall-for-the-river-survey,survey,multi-attribute,Interests,2
multi-attribute/wall-for-the-river/wall-for-the-river-web,web,multi-attribute,Interests,2
multi-attribute/waltz-not-twang/waltz-not-twang-app,app,multi-attribute,Interests,2
multi-attribute/waltz-not-twang/waltz-not-twang-chat,chat,multi-attribute,Interests,2
multi-attribute/waltz-not-twang/waltz-not-twang-survey,survey,multi-attribute,Interests,2
multi-attribute/waltz-not-twang/waltz-not-twang-web,web,multi-attribute,Interests,2
multi-attribute/warm-empath-app,app,multi-attribute,Personality,3
multi-attribute/warm-empath-web,web,multi-attribute,Personality,3
multi-attribute/warp-not-lens/warp-not-lens-app,app,multi-attribute,Interests,2
multi-attribute/warp-not-lens/warp-not-lens-chat,chat,multi-attribute,Interests,2
multi-attribute/warp-not-lens/warp-not-lens-survey,survey,multi-attribute,Interests,2
multi-attribute/warp-not-lens/warp-not-lens-web,web,multi-attribute,Interests,2
multi-attribute/wellness-app,app,multi-attribute,Behavior,3
multi-attribute/wellness-chat,chat,multi-attribute,Behavior,3
multi-attribute/wellness-survey,survey,multi-attribute,Behavior,3
multi-attribute/wellness-web,web,multi-attribute,Behavior,3
multi-attribute/wheel-and-wand/wheel-and-wand-app,app,multi-attribute,Interests,2
multi-attribute/wheel-and-wand/wheel-and-wand-chat,chat,multi-attribute,Interests,2
multi-attribute/wheel-and-wand/wheel-and-wand-survey,survey,multi-attribute,Interests,2
multi-attribute/wheel-and-wand/wheel-and-wand-web,web,multi-attribute,Interests,2
multi-attribute/whodunits-not-romances/whodunits-not-romances-app,app,multi-attribute,Interests,2
multi-attribute/whodunits-not-romances/whodunits-not-romances-chat,chat,multi-attribute,Interests,2
multi-attribute/whodunits-not-romances/whodunits-not-romances-survey,survey,multi-attribute,Interests,2
multi-attribute/whodunits-not-romances/whodunits-not-romances-web,web,multi-attribute,Interests,2
multi-attribute/wicks-not-funk/wicks-not-funk-app,app,multi-attribute,Interests,2
multi-attribute/wicks-not-funk/wicks-not-funk-chat,chat,multi-attribute,Interests,2
multi-attribute/wicks-not-funk/wicks-not-funk-survey,survey,multi-attribute,Interests,2
multi-attribute/wicks-not-funk/wicks-not-funk-web,web,multi-attribute,Interests,2
multi-attribute/willow-upgrade/willow-upgrade-app,app,multi-attribute,Interests,2
multi-attribute/willow-upgrade/willow-upgrade-chat,chat,multi-attribute,Interests,2
multi-attribute/willow-upgrade/willow-upgrade-survey,survey,multi-attribute,Interests,2
multi-attribute/willow-upgrade/willow-upgrade-web,web,multi-attribute,Interests,2
multi-attribute/wok-and-explosions/wok-and-explosions-app,app,multi-attribute,Interests,2
multi-attribute/wok-and-explosions/wok-and-explosions-chat,chat,multi-attribute,Interests,2
multi-attribute/wok-and-explosions/wok-and-explosions-survey,survey,multi-attribute,Interests,2
multi-attribute/wok-and-explosions/wok-and-explosions-web,web,multi-attribute,Interests,2
multi-attribute/wrestling-and-skiing/wrestling-and-skiing-app,app,multi-attribute,Interests,2
multi-attribute/wrestling-and-skiing/wrestling-and-skiing-chat,chat,multi-attribute,Interests,2
multi-attribute/wrestling-and-skiing/wrestling-and-skiing-survey,survey,multi-attribute,Interests,2
multi-attribute/wrestling-and-skiing/wrestling-and-skiing-web,web,multi-attribute,Interests,2
multi-attribute/writing-and-golf/writing-and-golf-app,app,multi-attribute,Learning,2
multi-attribute/writing-and-golf/writing-and-golf-chat,chat,multi-attribute,Learning,2
multi-attribute/writing-and-golf/writing-and-golf-survey,survey,multi-attribute,Learning,2
multi-attribute/writing-and-golf/writing-and-golf-web,web,multi-attribute,Learning,2
multi-attribute/yarn-and-blade/yarn-and-blade-app,app,multi-attribute,Interests,2
multi-attribute/yarn-and-blade/yarn-and-blade-chat,chat,multi-attribute,Interests,2
multi-attribute/yarn-and-blade/yarn-and-blade-survey,survey,multi-attribute,Interests,2
multi-attribute/yarn-and-blade/yarn-and-blade-web,web,multi-attribute,Interests,2
single-attribute/behavior-habits/backing-up-files/no-backup/no-backup-app,app,single-attribute,Behavior,1
single-attribute/behavior-habits/backing-up-files/no-backup/no-backup-chat,chat,single-attribute,Behavior,1
single-attribute/behavior-habits/backing-up-files/no-backup/no-backup-survey,survey,single-attribute,Behavior,1
single-attribute/behavior-habits/backing-up-files/no-backup/no-backup-web,web,single-attribute,Behavior,1
single-attribute/behavior-habits/bedtime-reading/daily-bedtime-reader/daily-bedtime-reader-app,app,single-attribute,Behavior,1
single-attribute/behavior-habits/budget-tracking/no-budget-apps/no-budget-apps-app,app,single-attribute,Behavior,1
single-attribute/behavior-habits/budget-tracking/no-budget-apps/no-budget-apps-chat,chat,single-attribute,Behavior,1
single-attribute/behavior-habits/budget-tracking/no-budget-apps/no-budget-apps-survey,survey,single-attribute,Behavior,1
single-attribute/behavior-habits/budget-tracking/no-budget-apps/no-budget-apps-web,web,single-attribute,Behavior,1
single-attribute/behavior-habits/cold-showers/no-cold-showers/no-cold-showers-app,app,single-attribute,Behavior,1
single-attribute/behavior-habits/cold-showers/no-cold-showers/no-cold-showers-web,web,single-attribute,Behavior,1
single-attribute/behavior-habits/doomscrolling/no-doomscrolling/no-doomscrolling-app,app,single-attribute,Behavior,1
single-attribute/behavior-habits/doomscrolling/no-doomscrolling/no-doomscrolling-web,web,single-attribute,Behavior,1
single-attribute/behavior-habits/gratitude/daily-gratitude/daily-gratitude-app,app,single-attribute,Behavior,1
single-attribute/behavior-habits/inbox-zero-discipline/let-it-pile/let-it-pile-app,app,single-attribute,Behavior,1
single-attribute/behavior-habits/inbox-zero-discipline/let-it-pile/let-it-pile-chat,chat,single-attribute,Behavior,1
single-attribute/behavior-habits/inbox-zero-discipline/let-it-pile/let-it-pile-survey,survey,single-attribute,Behavior,1
single-attribute/behavior-habits/inbox-zero/daily-inbox-zero/daily-inbox-zero-app,app,single-attribute,Behavior,1
single-attribute/behavior-habits/journaling/daily-journaler/daily-journaler-app,app,single-attribute,Behavior,1
single-attribute/behavior-habits/journaling/daily-journaler/daily-journaler-chat,chat,single-attribute,Behavior,1
single-attribute/behavior-habits/journaling/daily-journaler/daily-journaler-web,web,single-attribute,Behavior,1
single-attribute/behavior-habits/late-night-snacking/late-night-snacker/late-night-snacker-chat,chat,single-attribute,Behavior,1
single-attribute/behavior-habits/late-night-snacking/late-night-snacker/late-night-snacker-survey,survey,single-attribute,Behavior,1
single-attribute/behavior-habits/late-night-snacking/no-late-snacking/no-late-snacking-app,app,single-attribute,Behavior,1
single-attribute/behavior-habits/late-night-snacking/no-late-snacking/no-late-snacking-chat,chat,single-attribute,Behavior,1
single-attribute/behavior-habits/late-night-snacking/no-late-snacking/no-late-snacking-survey,survey,single-attribute,Behavior,1
single-attribute/behavior-habits/late-night-snacking/no-late-snacking/no-late-snacking-web,web,single-attribute,Behavior,1
single-attribute/behavior-habits/meal-prepping/no-meal-prep/no-meal-prep-app,app,single-attribute,Behavior,1
single-attribute/behavior-habits/meal-prepping/no-meal-prep/no-meal-prep-chat,chat,single-attribute,Behavior,1
single-attribute/behavior-habits/meal-prepping/no-meal-prep/no-meal-prep-web,web,single-attribute,Behavior,1
single-attribute/behavior-habits/meditation/daily-meditator/daily-meditator-app,app,single-attribute,Behavior,1
single-attribute/behavior-habits/meditation/daily-meditator/daily-meditator-chat,chat,single-attribute,Behavior,1
single-attribute/behavior-habits/meditation/daily-meditator/daily-meditator-web,web,single-attribute,Behavior,1
single-attribute/behavior-habits/naps/daily-napper/daily-napper-chat,chat,single-attribute,Behavior,1
single-attribute/behavior-habits/naps/daily-napper/daily-napper-survey,survey,single-attribute,Behavior,1
single-attribute/behavior-habits/naps/daily-napper/daily-napper-web,web,single-attribute,Behavior,1
single-attribute/behavior-habits/naps/no-nap/no-nap-app,app,single-attribute,Behavior,1
single-attribute/behavior-habits/naps/no-nap/no-nap-chat,chat,single-attribute,Behavior,1
single-attribute/behavior-habits/naps/no-nap/no-nap-survey,survey,single-attribute,Behavior,1
single-attribute/behavior-habits/naps/no-nap/no-nap-web,web,single-attribute,Behavior,1
single-attribute/behavior-habits/phone-free-downtime/daily/digital-minimalist-app,app,single-attribute,Behavior,1
single-attribute/behavior-habits/phone-free-downtime/daily/digital-minimalist-web,web,single-attribute,Behavior,1
single-attribute/behavior-habits/phone-free-downtime/phone-free-evenings/phone-free-evenings-app,app,single-attribute,Behavior,1
single-attribute/behavior-habits/phone-free-downtime/phone-free-evenings/phone-free-evenings-chat,chat,single-attribute,Behavior,1
single-attribute/behavior-habits/phone-free-downtime/phone-free-evenings/phone-free-evenings-survey,survey,single-attribute,Behavior,1
single-attribute/behavior-habits/phone-free-downtime/phone-free-evenings/phone-free-evenings-web,web,single-attribute,Behavior,1
single-attribute/behavior-habits/power-snoozing-alarm/first-ring/first-ring-app,app,single-attribute,Behavior,1
single-attribute/behavior-habits/power-snoozing-alarm/first-ring/first-ring-chat,chat,single-attribute,Behavior,1
single-attribute/behavior-habits/power-snoozing-alarm/first-ring/first-ring-survey,survey,single-attribute,Behavior,1
single-attribute/behavior-habits/power-snoozing-alarm/first-ring/first-ring-web,web,single-attribute,Behavior,1
single-attribute/behavior-habits/pre-trip-overpacking/lean-packer/lean-packer-app,app,single-attribute,Behavior,1
single-attribute/behavior-habits/pre-trip-overpacking/lean-packer/lean-packer-chat,chat,single-attribute,Behavior,1
single-attribute/behavior-habits/pre-trip-overpacking/lean-packer/lean-packer-survey,survey,single-attribute,Behavior,1
single-attribute/behavior-habits/pre-trip-overpacking/lean-packer/lean-packer-web,web,single-attribute,Behavior,1
single-attribute/behavior-habits/pre-trip-overpacking/trip-overpacker/trip-overpacker-chat,chat,single-attribute,Behavior,1
single-attribute/behavior-habits/pre-trip-overpacking/trip-overpacker/trip-overpacker-survey,survey,single-attribute,Behavior,1
single-attribute/behavior-habits/pre-trip-overpacking/trip-overpacker/trip-overpacker-web,web,single-attribute,Behavior,1
single-attribute/behavior-habits/skipping-breakfast/no-skip-breakfast/no-skip-breakfast-app,app,single-attribute,Behavior,1
single-attribute/behavior-habits/skipping-breakfast/no-skip-breakfast/no-skip-breakfast-chat,chat,single-attribute,Behavior,1
single-attribute/behavior-habits/skipping-breakfast/no-skip-breakfast/no-skip-breakfast-survey,survey,single-attribute,Behavior,1
single-attribute/behavior-habits/skipping-breakfast/no-skip-breakfast/no-skip-breakfast-web,web,single-attribute,Behavior,1
single-attribute/behavior-habits/sleep-schedule/night-owl/night-owl-app,app,single-attribute,Behavior,1
single-attribute/behavior-habits/sleep-schedule/night-owl/night-owl-chat,chat,single-attribute,Behavior,1
single-attribute/behavior-habits/sleep-schedule/night-owl/night-owl-web,web,single-attribute,Behavior,1
single-attribute/behavior-habits/step-counting/unstepped/unstepped-app,app,single-attribute,Behavior,1
single-attribute/behavior-habits/step-counting/unstepped/unstepped-chat,chat,single-attribute,Behavior,1
single-attribute/behavior-habits/step-counting/unstepped/unstepped-survey,survey,single-attribute,Behavior,1
single-attribute/behavior-habits/step-counting/unstepped/unstepped-web,web,single-attribute,Behavior,1
single-attribute/behavior-habits/to-do-lists/daily-lists/daily-lists-app,app,single-attribute,Behavior,1
single-attribute/behavior-habits/to-do-lists/daily-lists/daily-lists-chat,chat,single-attribute,Behavior,1
single-attribute/behavior-habits/to-do-lists/daily-lists/daily-lists-survey,survey,single-attribute,Behavior,1
single-attribute/behavior-habits/to-do-lists/daily-lists/daily-lists-web,web,single-attribute,Behavior,1
single-attribute/behavior-habits/to-do-lists/no-todo-lists/no-todo-lists-app,app,single-attribute,Behavior,1
single-attribute/behavior-habits/to-do-lists/no-todo-lists/no-todo-lists-chat,chat,single-attribute,Behavior,1
single-attribute/behavior-habits/to-do-lists/no-todo-lists/no-todo-lists-survey,survey,single-attribute,Behavior,1
single-attribute/behavior-habits/to-do-lists/no-todo-lists/no-todo-lists-web,web,single-attribute,Behavior,1
single-attribute/behavior-preferences/accessibility-needs/visual/visual-app,app,single-attribute,Behavior,1
single-attribute/behavior-preferences/accessibility-needs/visual/visual-chat,chat,single-attribute,Behavior,1
single-attribute/behavior-preferences/accessibility-needs/visual/visual-web,web,single-attribute,Behavior,1
single-attribute/behavior-preferences/brief-vs-full-detail/brief-leaning/brief-communicator-app,app,single-attribute,Behavior,1
single-attribute/behavior-preferences/brief-vs-full-detail/brief-leaning/brief-communicator-chat,chat,single-attribute,Behavior,1
single-attribute/behavior-preferences/brief-vs-full-detail/brief-leaning/brief-communicator-web,web,single-attribute,Behavior,1
single-attribute/behavior-preferences/city-vs-nature/nature-first/nature-first-app,app,single-attribute,Behavior,1
single-attribute/behavior-preferences/city-vs-nature/nature-first/nature-first-chat,chat,single-attribute,Behavior,1
single-attribute/behavior-preferences/city-vs-nature/nature-first/nature-first-survey,survey,single-attribute,Behavior,1
single-attribute/behavior-preferences/city-vs-nature/nature-first/nature-first-web,web,single-attribute,Behavior,1
single-attribute/behavior-preferences/city-vs-nature/prefers-nature/nature-lover-app,app,single-attribute,Behavior,1
single-attribute/behavior-preferences/city-vs-nature/prefers-nature/nature-lover-chat,chat,single-attribute,Behavior,1
single-attribute/behavior-preferences/city-vs-nature/prefers-nature/nature-lover-web,web,single-attribute,Behavior,1
single-attribute/behavior-preferences/clickbait/clickbait-averse/clickbait-averse-app,app,single-attribute,Behavior,1
single-attribute/behavior-preferences/clickbait/clickbait-averse/clickbait-averse-web,web,single-attribute,Behavior,1
single-attribute/behavior-preferences/competition-vs-collab/highly-collaborative/highly-collaborative-app,app,single-attribute,Behavior,1
single-attribute/behavior-preferences/competition-vs-collab/highly-collaborative/highly-collaborative-chat,chat,single-attribute,Behavior,1
single-attribute/behavior-preferences/competition-vs-collab/highly-collaborative/highly-collaborative-survey,survey,single-attribute,Behavior,1
single-attribute/behavior-preferences/competition-vs-collab/highly-collaborative/highly-collaborative-web,web,single-attribute,Behavior,1
single-attribute/behavior-preferences/condescension/condescension-averse/condescension-averse-chat,chat,single-attribute,Behavior,1
single-attribute/behavior-preferences/detail-brief-vs-full/every-detail/every-detail-app,app,single-attribute,Behavior,1
single-attribute/behavior-preferences/detail-brief-vs-full/every-detail/every-detail-chat,chat,single-attribute,Behavior,1
single-attribute/behavior-preferences/detail-brief-vs-full/every-detail/every-detail-survey,survey,single-attribute,Behavior,1
single-attribute/behavior-preferences/detail-brief-vs-full/every-detail/every-detail-web,web,single-attribute,Behavior,1
single-attribute/behavior-preferences/early-vs-late/early-adopter/early-adopter-app,app,single-attribute,Behavior,1
single-attribute/behavior-preferences/early-vs-late/early-adopter/early-adopter-chat,chat,single-attribute,Behavior,1
single-attribute/behavior-preferences/early-vs-late/early-adopter/early-adopter-survey,survey,single-attribute,Behavior,1
single-attribute/behavior-preferences/early-vs-late/early-adopter/early-adopter-web,web,single-attribute,Behavior,1
single-attribute/behavior-preferences/indoor-vs-outdoor/strongly-outdoor/strongly-outdoor-app,app,single-attribute,Behavior,1
single-attribute/behavior-preferences/indoor-vs-outdoor/strongly-outdoor/strongly-outdoor-chat,chat,single-attribute,Behavior,1
single-attribute/behavior-preferences/indoor-vs-outdoor/strongly-outdoor/strongly-outdoor-survey,survey,single-attribute,Behavior,1
single-attribute/behavior-preferences/indoor-vs-outdoor/strongly-outdoor/strongly-outdoor-web,web,single-attribute,Behavior,1
single-attribute/behavior-preferences/lateness/punctual/punctual-chat,chat,single-attribute,Behavior,1
single-attribute/behavior-preferences/lead-vs-follow/always-leads/always-leads-app,app,single-attribute,Behavior,1
single-attribute/behavior-preferences/lead-vs-follow/always-leads/always-leads-chat,chat,single-attribute,Behavior,1
single-attribute/behavior-preferences/lead-vs-follow/always-leads/always-leads-web,web,single-attribute,Behavior,1
single-attribute/behavior-preferences/media-diet/long-form/long-form-app,app,single-attribute,Behavior,1
single-attribute/behavior-preferences/media-diet/long-form/long-form-chat,chat,single-attribute,Behavior,1
single-attribute/behavior-preferences/media-diet/long-form/long-form-survey,survey,single-attribute,Behavior,1
single-attribute/behavior-preferences/media-diet/long-form/long-form-web,web,single-attribute,Behavior,1
single-attribute/behavior-preferences/modality-pref/step-by-step/step-by-step-app,app,single-attribute,Behavior,1
single-attribute/behavior-preferences/modality-pref/step-by-step/step-by-step-chat,chat,single-attribute,Behavior,1
single-attribute/behavior-preferences/novelty-vs-familiarity/novelty-leaning/novelty-lover-app,app,single-attribute,Behavior,1
single-attribute/behavior-preferences/novelty-vs-familiarity/novelty-leaning/novelty-lover-chat,chat,single-attribute,Behavior,1
single-attribute/behavior-preferences/novelty-vs-familiarity/novelty-leaning/novelty-lover-web,web,single-attribute,Behavior,1
single-attribute/behavior-preferences/plan-vs-spontaneous/highly-planned/highly-planned-app,app,single-attribute,Behavior,1
single-attribute/behavior-preferences/plan-vs-spontaneous/highly-planned/highly-planned-chat,chat,single-attribute,Behavior,1
single-attribute/behavior-preferences/plan-vs-spontaneous/highly-planned/highly-planned-survey,survey,single-attribute,Behavior,1
single-attribute/behavior-preferences/plan-vs-spontaneous/highly-planned/highly-planned-web,web,single-attribute,Behavior,1
single-attribute/behavior-preferences/pop-up-ads/major-peeve/major-peeve-app,app,single-attribute,Behavior,1
single-attribute/behavior-preferences/pop-up-ads/major-peeve/major-peeve-survey,survey,single-attribute,Behavior,1
single-attribute/behavior-preferences/quality-vs-quantity/quality-first/quality-first-app,app,single-attribute,Behavior,1
single-attribute/behavior-preferences/quality-vs-quantity/quality-first/quality-first-chat,chat,single-attribute,Behavior,1
single-attribute/behavior-preferences/quality-vs-quantity/quality-first/quality-first-survey,survey,single-attribute,Behavior,1
single-attribute/behavior-preferences/quality-vs-quantity/quality-first/quality-first-web,web,single-attribute,Behavior,1
single-attribute/behavior-preferences/routine-vs-variety/craves-routine/craves-routine-app,app,single-attribute,Behavior,1
single-attribute/behavior-preferences/routine-vs-variety/craves-routine/craves-routine-chat,chat,single-attribute,Behavior,1
single-attribute/behavior-preferences/routine-vs-variety/craves-routine/craves-routine-survey,survey,single-attribute,Behavior,1
single-attribute/behavior-preferences/routine-vs-variety/craves-routine/craves-routine-web,web,single-attribute,Behavior,1
single-attribute/behavior-preferences/routine-vs-variety/craves-variety/craves-variety-app,app,single-attribute,Behavior,1
single-attribute/behavior-preferences/routine-vs-variety/craves-variety/craves-variety-chat,chat,single-attribute,Behavior,1
single-attribute/behavior-preferences/routine-vs-variety/craves-variety/craves-variety-survey,survey,single-attribute,Behavior,1
single-attribute/behavior-preferences/routine-vs-variety/craves-variety/craves-variety-web,web,single-attribute,Behavior,1
single-attribute/behavior-preferences/save-vs-spend/hard-saver/tidyup-app,app,single-attribute,Behavior,1
single-attribute/behavior-preferences/save-vs-spend/hard-saver/tidyup-web,web,single-attribute,Behavior,1
single-attribute/behavior-preferences/speed-vs-accuracy/accuracy-first/accuracy-first-app,app,single-attribute,Behavior,1
single-attribute/behavior-preferences/speed-vs-accuracy/accuracy-first/accuracy-first-chat,chat,single-attribute,Behavior,1
single-attribute/behavior-preferences/speed-vs-accuracy/accuracy-first/accuracy-first-survey,survey,single-attribute,Behavior,1
single-attribute/behavior-preferences/speed-vs-accuracy/accuracy-first/accuracy-first-web,web,single-attribute,Behavior,1
single-attribute/behavior-preferences/stability-vs-change/craves-change/craves-change-app,app,single-attribute,Behavior,1
single-attribute/behavior-preferences/stability-vs-change/craves-change/craves-change-web,web,single-attribute,Behavior,1
single-attribute/behavior-preferences/team-vs-solo/strongly-team/strongly-team-app,app,single-attribute,Behavior,1
single-attribute/behavior-preferences/team-vs-solo/strongly-team/strongly-team-chat,chat,single-attribute,Behavior,1
single-attribute/behavior-preferences/team-vs-solo/strongly-team/strongly-team-survey,survey,single-attribute,Behavior,1
single-attribute/behavior-preferences/team-vs-solo/strongly-team/strongly-team-web,web,single-attribute,Behavior,1
single-attribute/behavior-preferences/text-vs-call/text-only/text-only-chat,chat,single-attribute,Behavior,1
single-attribute/behavior-preferences/text-vs-call/text-only/text-only-survey,survey,single-attribute,Behavior,1
single-attribute/behavior-preferences/text-vs-call/text-only/text-only-web,web,single-attribute,Behavior,1
single-attribute/behavior-preferences/texting-vs-calling/prefers-calls/prefers-calls-chat,chat,single-attribute,Behavior,1
single-attribute/behavior-preferences/texting-vs-calling/prefers-calls/prefers-calls-web,web,single-attribute,Behavior,1
single-attribute/behavior-preferences/texting-vs-calling/prefers-text/prefers-text-app,app,single-attribute,Behavior,1
single-attribute/behavior-preferences/texting-vs-calling/prefers-text/prefers-text-survey,survey,single-attribute,Behavior,1
single-attribute/behavior-preferences/typos/typo-averse/typo-averse-app,app,single-attribute,Behavior,1
single-attribute/behavior-preferences/typos/typo-averse/typo-averse-chat,chat,single-attribute,Behavior,1
single-attribute/behavior-preferences/typos/typo-averse/typo-averse-web,web,single-attribute,Behavior,1
single-attribute/behavior-time/sleep-schedule/early-bird/early-bird-app,app,single-attribute,Behavior,1
single-attribute/behavior-time/sleep-schedule/early-bird/early-bird-chat,chat,single-attribute,Behavior,1
single-attribute/behavior-time/sleep-schedule/early-bird/early-bird-survey,survey,single-attribute,Behavior,1
single-attribute/behavior-time/sleep-schedule/early-bird/early-bird-web,web,single-attribute,Behavior,1
single-attribute/behavior-work/work-location/strongly-office/desk-roster-web,web,single-attribute,Behavior,1
single-attribute/behavior-work/work-location/strongly-remote/strongly-remote-app,app,single-attribute,Behavior,1
single-attribute/behavior-work/work-location/strongly-remote/strongly-remote-chat,chat,single-attribute,Behavior,1
single-attribute/behavior-work/work-location/strongly-remote/strongly-remote-web,web,single-attribute,Behavior,1
single-attribute/demographic-core/citizenship-status/visa-holder/visa-holder-app,app,single-attribute,Demographic,1
single-attribute/demographic-core/citizenship-status/visa-holder/visa-holder-survey,survey,single-attribute,Demographic,1
single-attribute/demographic-core/driving-status/cannot-drive/kestrel-app,app,single-attribute,Demographic,1
single-attribute/demographic-core/driving-status/cannot-drive/kestrel-chat,chat,single-attribute,Demographic,1
single-attribute/demographic-core/driving-status/cannot-drive/kestrel-survey,survey,single-attribute,Demographic,1
single-attribute/demographic-core/driving-status/cannot-drive/kestrel-web,web,single-attribute,Demographic,1
single-attribute/demographic-core/driving-status/non-driver/non-driver-app,app,single-attribute,Demographic,1
single-attribute/demographic-core/driving-status/non-driver/non-driver-survey,survey,single-attribute,Demographic,1
single-attribute/demographic-core/driving-status/non-driver/non-driver-web,web,single-attribute,Demographic,1
single-attribute/demographic-core/marital-status/married/married-app,app,single-attribute,Demographic,1
single-attribute/demographic-core/marital-status/married/married-survey,survey,single-attribute,Demographic,1
single-attribute/demographic-core/marital-status/married/married-web,web,single-attribute,Demographic,1
single-attribute/demographic-core/religion-affiliation/muslim/muslim-app,app,single-attribute,Demographic,1
single-attribute/demographic-core/religion-affiliation/muslim/muslim-survey,survey,single-attribute,Demographic,1
single-attribute/demographic-core/sexual-orientation/gay-lesbian/gay-lesbian-app,app,single-attribute,Demographic,2
single-attribute/demographic-core/sexual-orientation/gay-lesbian/gay-lesbian-survey,survey,single-attribute,Demographic,2
single-attribute/demographic-life-events/education-journey/self-taught/self-taught-app,app,single-attribute,Demographic,1
single-attribute/demographic-life-events/education-journey/self-taught/self-taught-chat,chat,single-attribute,Demographic,1
single-attribute/demographic-life-events/education-journey/self-taught/self-taught-survey,survey,single-attribute,Demographic,1
single-attribute/demographic-life-events/education-journey/self-taught/self-taught-web,web,single-attribute,Demographic,1
single-attribute/developer-ai-workflow/ai-task-learning-concepts/no-ai-use/no-ai-use-app,app,single-attribute,Developer,1
single-attribute/developer-ai-workflow/ai-task-learning-concepts/no-ai-use/no-ai-use-chat,chat,single-attribute,Developer,1
single-attribute/developer-ai-workflow/ai-task-learning-concepts/no-ai-use/no-ai-use-survey,survey,single-attribute,Developer,1
single-attribute/developer-code-maintenance/bug-fix-scope-preference/minimal-targeted-patch/minimal-targeted-patch-app,app,single-attribute,Developer,1
single-attribute/developer-code-maintenance/bug-fix-scope-preference/minimal-targeted-patch/minimal-targeted-patch-chat,chat,single-attribute,Developer,1
single-attribute/developer-code-maintenance/bug-fix-scope-preference/minimal-targeted-patch/minimal-targeted-patch-survey,survey,single-attribute,Developer,1
single-attribute/developer-code-maintenance/bug-fix-scope-preference/minimal-targeted-patch/minimal-targeted-patch-web,web,single-attribute,Developer,1
single-attribute/developer-code-maintenance/bug-fix-scope/broad-refactor/refactor-fixer-app,app,single-attribute,Developer,1
single-attribute/developer-code-maintenance/code-complexity-tolerance/very-low-complexity/very-low-complexity-app,app,single-attribute,Developer,1
single-attribute/developer-code-maintenance/code-complexity-tolerance/very-low-complexity/very-low-complexity-chat,chat,single-attribute,Developer,1
single-attribute/developer-code-maintenance/code-complexity-tolerance/very-low-complexity/very-low-complexity-survey,survey,single-attribute,Developer,1
single-attribute/developer-code-maintenance/code-complexity-tolerance/very-low-complexity/very-low-complexity-web,web,single-attribute,Developer,1
single-attribute/developer-code-maintenance/code-modularity/highly-modular-small-components/highly-modular-small-components-app,app,single-attribute,Developer,1
single-attribute/developer-code-maintenance/code-modularity/highly-modular-small-components/highly-modular-small-components-survey,survey,single-attribute,Developer,1
single-attribute/developer-code-maintenance/code-modularity/highly-modular-small-components/highly-modular-small-components-web,web,single-attribute,Developer,1
single-attribute/developer-code-maintenance/code-type-system-orientation/static-typing/static-typing-app,app,single-attribute,Developer,1
single-attribute/developer-code-maintenance/code-type-system-orientation/static-typing/static-typing-chat,chat,single-attribute,Developer,1
single-attribute/developer-code-maintenance/code-type-system-orientation/static-typing/static-typing-web,web,single-attribute,Developer,1
single-attribute/developer-code-maintenance/debugging-strategy/instrumentation/instrumentation-first-chat,chat,single-attribute,Developer,1
single-attribute/developer-code-maintenance/debugging-strategy/interactive-debugger/debugger-first-chat,chat,single-attribute,Developer,1
single-attribute/developer-code-style/function-length/large-functions/large-functions-app,app,single-attribute,Developer,1
single-attribute/developer-code-style/function-length/large-functions/large-functions-chat,chat,single-attribute,Developer,1
single-attribute/developer-code-style/function-length/large-functions/large-functions-web,web,single-attribute,Developer,1
single-attribute/developer-community-behavior/stackoverflow-participation-style/votes-bookmarks/votes-bookmarks-web,web,single-attribute,Developer,1
single-attribute/developer-practice/bug-fix-scope/root-cause-fixer/root-cause-fixer-app,app,single-attribute,Developer,1
single-attribute/developer-practice/bug-fix-scope/root-cause-fixer/root-cause-fixer-chat,chat,single-attribute,Developer,1
single-attribute/developer-practice/bug-fix-scope/root-cause-fixer/root-cause-fixer-survey,survey,single-attribute,Developer,1
single-attribute/developer-practice/bug-fix-scope/root-cause-fixer/root-cause-fixer-web,web,single-attribute,Developer,1
single-attribute/developer-practice/bug-fix-tests/regression-tester/regression-tester-app,app,single-attribute,Developer,1
single-attribute/developer-practice/bug-fix-tests/regression-tester/regression-tester-chat,chat,single-attribute,Developer,1
single-attribute/developer-practice/bug-fix-tests/regression-tester/regression-tester-web,web,single-attribute,Developer,1
single-attribute/developer-practice/observability/structured-logging/structured-logging-app,app,single-attribute,Developer,1
single-attribute/developer-practice/observability/structured-logging/structured-logging-chat,chat,single-attribute,Developer,1
single-attribute/developer-practice/observability/structured-logging/structured-logging-survey,survey,single-attribute,Developer,1
single-attribute/developer-practice/observability/structured-logging/structured-logging-web,web,single-attribute,Developer,1
single-attribute/developer-practice/security-review/threat-modeler/threat-modeler-app,app,single-attribute,Developer,1
single-attribute/developer-practice/security-review/threat-modeler/threat-modeler-chat,chat,single-attribute,Developer,1
single-attribute/developer-practice/security-review/threat-modeler/threat-modeler-web,web,single-attribute,Developer,1
single-attribute/expertise-domains/astronomy-familiarity/aware/aware-app,app,single-attribute,Expertise,1
single-attribute/expertise-domains/astronomy-familiarity/aware/aware-web,web,single-attribute,Expertise,1
single-attribute/expertise-domains/astronomy-familiarity/expert/expert-app,app,single-attribute,Expertise,1
single-attribute/expertise-domains/astronomy-familiarity/expert/expert-chat,chat,single-attribute,Expertise,1
single-attribute/expertise-domains/astronomy-familiarity/expert/expert-survey,survey,single-attribute,Expertise,1
single-attribute/expertise-domains/astronomy-familiarity/expert/expert-web,web,single-attribute,Expertise,1
single-attribute/expertise-domains/astronomy-familiarity/familiar/familiar-app,app,single-attribute,Expertise,1
single-attribute/expertise-domains/astronomy-familiarity/familiar/familiar-web,web,single-attribute,Expertise,1
single-attribute/expertise-domains/astronomy-familiarity/none/none-app,app,single-attribute,Expertise,1
single-attribute/expertise-domains/astronomy-familiarity/none/none-web,web,single-attribute,Expertise,1
single-attribute/expertise-domains/astronomy-familiarity/proficient/proficient-app,app,single-attribute,Expertise,1
single-attribute/expertise-domains/astronomy-familiarity/proficient/proficient-web,web,single-attribute,Expertise,1
single-attribute/expertise-domains/epidemiology/expert/expert-app,app,single-attribute,Expertise,1
single-attribute/expertise-domains/epidemiology/expert/expert-chat,chat,single-attribute,Expertise,1
single-attribute/expertise-domains/epidemiology/expert/expert-survey,survey,single-attribute,Expertise,1
single-attribute/expertise-domains/epidemiology/expert/expert-web,web,single-attribute,Expertise,1
single-attribute/expertise-domains/music-theory/expert/piano-performer-app,app,single-attribute,Expertise,1
single-attribute/expertise-domains/music-theory/expert/piano-performer-chat,chat,single-attribute,Expertise,1
single-attribute/expertise-domains/music-theory/expert/piano-performer-web,web,single-attribute,Expertise,1
single-attribute/expertise-domains/statistics/expert/expert-app,app,single-attribute,Expertise,1
single-attribute/expertise-domains/statistics/expert/expert-chat,chat,single-attribute,Expertise,1
single-attribute/expertise-domains/statistics/expert/expert-survey,survey,single-attribute,Expertise,1
single-attribute/expertise-domains/tech-savviness/digital-native/digital-native-app,app,single-attribute,Expertise,1
single-attribute/expertise-domains/tech-savviness/digital-native/digital-native-chat,chat,single-attribute,Expertise,1
single-attribute/expertise-domains/tech-savviness/digital-native/digital-native-web,web,single-attribute,Expertise,1
single-attribute/expertise-skills/painting/master/master-painter-app,app,single-attribute,Expertise,1
single-attribute/expertise-skills/painting/master/master-painter-chat,chat,single-attribute,Expertise,1
single-attribute/expertise-skills/painting/master/master-painter-web,web,single-attribute,Expertise,1
single-attribute/expertise-skills/skill-technical-writing/advanced/technical-writer-app,app,single-attribute,Expertise,1
single-attribute/expertise-skills/skill-technical-writing/advanced/technical-writer-chat,chat,single-attribute,Expertise,1
single-attribute/expertise-skills/skill-technical-writing/advanced/technical-writer-web,web,single-attribute,Expertise,1
single-attribute/health-fitness/exercise-freq/daily/daily-app,app,single-attribute,Health,1
single-attribute/health-fitness/exercise-freq/daily/daily-chat,chat,single-attribute,Health,1
single-attribute/health-fitness/exercise-freq/daily/daily-survey,survey,single-attribute,Health,1
single-attribute/health-fitness/exercise-freq/daily/daily-web,web,single-attribute,Health,1
single-attribute/health-fitness/interest-fitness/passionate/fitness-passionate-app,app,single-attribute,Health,1
single-attribute/health-lifestyle/alcohol-use/never/never-app,app,single-attribute,Health,1
single-attribute/health-lifestyle/alcohol-use/never/never-bar-app,app,single-attribute,Health,1
single-attribute/health-lifestyle/alcohol-use/never/never-bar-survey,survey,single-attribute,Health,1
single-attribute/health-lifestyle/alcohol-use/never/never-chat,chat,single-attribute,Health,1
single-attribute/health-lifestyle/alcohol-use/never/never-survey,survey,single-attribute,Health,1
single-attribute/health-lifestyle/alcohol-use/never/never-web,web,single-attribute,Health,1
single-attribute/health-lifestyle/cognitive-load-capacity/low/low-app,app,single-attribute,Health,1
single-attribute/health-lifestyle/cognitive-load-capacity/low/low-chat,chat,single-attribute,Health,1
single-attribute/health-lifestyle/cognitive-load-capacity/low/low-survey,survey,single-attribute,Health,1
single-attribute/health-lifestyle/diet-type/keto-low-carb/keto-app,app,single-attribute,Health,1
single-attribute/health-lifestyle/diet-type/keto-low-carb/keto-survey,survey,single-attribute,Health,1
single-attribute/health-lifestyle/diet-type/keto-low-carb/keto-web,web,single-attribute,Health,1
single-attribute/health-lifestyle/diet-type/pescatarian/pescatarian-app,app,single-attribute,Health,1
single-attribute/health-lifestyle/diet-type/pescatarian/pescatarian-survey,survey,single-attribute,Health,1
single-attribute/health-lifestyle/diet-type/pescatarian/pescatarian-web,web,single-attribute,Health,1
single-attribute/health-lifestyle/diet-type/vegan/vegan-app,app,single-attribute,Health,1
single-attribute/health-lifestyle/diet-type/vegan/vegan-chat,chat,single-attribute,Health,1
single-attribute/health-lifestyle/diet-type/vegan/vegan-survey,survey,single-attribute,Health,1
single-attribute/health-lifestyle/diet-type/vegan/vegan-web,web,single-attribute,Health,1
single-attribute/health-lifestyle/diet-type/vegetarian/vegetarian-app,app,single-attribute,Health,1
single-attribute/health-lifestyle/diet-type/vegetarian/vegetarian-chat,chat,single-attribute,Health,1
single-attribute/health-lifestyle/diet-type/vegetarian/vegetarian-web,web,single-attribute,Health,1
single-attribute/health-lifestyle/fitness-level/athlete/athlete-app,app,single-attribute,Health,1
single-attribute/health-lifestyle/fitness-level/athlete/athlete-chat,chat,single-attribute,Health,1
single-attribute/health-lifestyle/fitness-level/athlete/athlete-web,web,single-attribute,Health,1
single-attribute/health-physical/assistive-tech/no-assistive-tech/no-assistive-tech-chat,chat,single-attribute,Health,1
single-attribute/health-physical/assistive-tech/no-assistive-tech/no-assistive-tech-survey,survey,single-attribute,Health,1
single-attribute/health-physical/assistive-tech/no-assistive-tech/no-assistive-tech-web,web,single-attribute,Health,1
single-attribute/health-physical/color-vision/color-blind/color-blind-app,app,single-attribute,Health,1
single-attribute/health-physical/color-vision/color-blind/color-blind-survey,survey,single-attribute,Health,1
single-attribute/health-physical/color-vision/color-blind/color-blind-web,web,single-attribute,Health,1
single-attribute/health-physical/contrast-need/no-contrast-need/no-contrast-need-chat,chat,single-attribute,Health,1
single-attribute/health-physical/hearing/deaf-hard-of-hearing/deaf-hoh-app,app,single-attribute,Health,1
single-attribute/health-physical/hearing/deaf-hard-of-hearing/deaf-hoh-survey,survey,single-attribute,Health,1
single-attribute/health-physical/hearing/deaf-hard-of-hearing/deaf-hoh-web,web,single-attribute,Health,1
single-attribute/health-physical/hearing/moderate-loss/moderate-loss-app,app,single-attribute,Health,1
single-attribute/health-physical/hearing/moderate-loss/moderate-loss-chat,chat,single-attribute,Health,1
single-attribute/health-physical/hearing/moderate-loss/moderate-loss-survey,survey,single-attribute,Health,1
single-attribute/interests-culture/caffeine-intake/caffeine-free/caffeine-free-app,app,single-attribute,Interests,1
single-attribute/interests-culture/caffeine-intake/caffeine-free/caffeine-free-chat,chat,single-attribute,Interests,1
single-attribute/interests-culture/caffeine-intake/caffeine-free/caffeine-free-survey,survey,single-attribute,Interests,1
single-attribute/interests-culture/caffeine-intake/caffeine-free/caffeine-free-web,web,single-attribute,Interests,1
single-attribute/interests-culture/coffee-ritual/home-brew/home-brew-app,app,single-attribute,Interests,1
single-attribute/interests-culture/coffee-ritual/home-brew/home-brew-chat,chat,single-attribute,Interests,1
single-attribute/interests-culture/coffee-ritual/home-brew/home-brew-survey,survey,single-attribute,Interests,1
single-attribute/interests-culture/coffee-ritual/home-brew/home-brew-web,web,single-attribute,Interests,1
single-attribute/interests-culture/commute-mode/public-transit/public-transit-app,app,single-attribute,Interests,1
single-attribute/interests-culture/cooking-freq/daily-cook/daily-cook-app,app,single-attribute,Interests,1
single-attribute/interests-culture/cooking-freq/daily-cook/daily-cook-chat,chat,single-attribute,Interests,1
single-attribute/interests-culture/cooking-freq/daily-cook/daily-cook-survey,survey,single-attribute,Interests,1
single-attribute/interests-culture/cooking-freq/daily-cook/daily-cook-web,web,single-attribute,Interests,1
single-attribute/interests-culture/fashion-sense/practical-dress/practical-dress-app,app,single-attribute,Interests,1
single-attribute/interests-culture/fashion-sense/practical-dress/practical-dress-chat,chat,single-attribute,Interests,1
single-attribute/interests-culture/fashion-sense/practical-dress/practical-dress-survey,survey,single-attribute,Interests,1
single-attribute/interests-culture/fashion-sense/practical-dress/practical-dress-web,web,single-attribute,Interests,1
single-attribute/interests-culture/frugality/frugal-saver-home/frugal-saver-home-app,app,single-attribute,Interests,1
single-attribute/interests-culture/frugality/frugal-saver-home/frugal-saver-home-chat,chat,single-attribute,Interests,1
single-attribute/interests-culture/frugality/frugal-saver-home/frugal-saver-home-survey,survey,single-attribute,Interests,1
single-attribute/interests-culture/frugality/frugal-saver-home/frugal-saver-home-web,web,single-attribute,Interests,1
single-attribute/interests-culture/gaming-freq/no-controller/no-controller-app,app,single-attribute,Interests,1
single-attribute/interests-culture/gaming-freq/no-controller/no-controller-chat,chat,single-attribute,Interests,1
single-attribute/interests-culture/gaming-freq/no-controller/no-controller-survey,survey,single-attribute,Interests,1
single-attribute/interests-culture/gaming-freq/no-controller/no-controller-web,web,single-attribute,Interests,1
single-attribute/interests-culture/giving/regular-donor/regular-donor-chat,chat,single-attribute,Interests,1
single-attribute/interests-culture/giving/regular-donor/regular-donor-web,web,single-attribute,Interests,1
single-attribute/interests-culture/hobbies/rock-climbing/avid-climber/avid-climber-app,app,single-attribute,Interests,1
single-attribute/interests-culture/hobbies/rock-climbing/avid-climber/avid-climber-chat,chat,single-attribute,Interests,1
single-attribute/interests-culture/hobbies/rock-climbing/avid-climber/avid-climber-survey,survey,single-attribute,Interests,1
single-attribute/interests-culture/hobbies/rock-climbing/avid-climber/avid-climber-web,web,single-attribute,Interests,1
single-attribute/interests-culture/hobby-intensity/obsessive-hobbyist/obsessive-hobbyist-app,app,single-attribute,Interests,1
single-attribute/interests-culture/hobby-intensity/obsessive-hobbyist/obsessive-hobbyist-chat,chat,single-attribute,Interests,1
single-attribute/interests-culture/hobby-intensity/obsessive-hobbyist/obsessive-hobbyist-survey,survey,single-attribute,Interests,1
single-attribute/interests-culture/hobby-intensity/obsessive-hobbyist/obsessive-hobbyist-web,web,single-attribute,Interests,1
single-attribute/interests-culture/morning-routine/structured-morning/structured-morning-app,app,single-attribute,Interests,1
single-attribute/interests-culture/morning-routine/structured-morning/structured-morning-chat,chat,single-attribute,Interests,1
single-attribute/interests-culture/morning-routine/structured-morning/structured-morning-survey,survey,single-attribute,Interests,1
single-attribute/interests-culture/morning-routine/structured-morning/structured-morning-web,web,single-attribute,Interests,1
single-attribute/interests-culture/news-frequency/news-avoider/news-avoider-app,app,single-attribute,Interests,1
single-attribute/interests-culture/news-frequency/news-avoider/news-avoider-chat,chat,single-attribute,Interests,1
single-attribute/interests-culture/news-frequency/news-avoider/news-avoider-survey,survey,single-attribute,Interests,1
single-attribute/interests-culture/news-frequency/news-avoider/news-avoider-web,web,single-attribute,Interests,1
single-attribute/interests-culture/pet-ownership/cat/cat-app,app,single-attribute,Interests,1
single-attribute/interests-culture/pet-ownership/cat/cat-web,web,single-attribute,Interests,1
single-attribute/interests-culture/pet-ownership/dog/dog-app,app,single-attribute,Interests,1
single-attribute/interests-culture/pet-ownership/dog/dog-chat,chat,single-attribute,Interests,1
single-attribute/interests-culture/pet-ownership/dog/dog-survey,survey,single-attribute,Interests,1
single-attribute/interests-culture/pet-ownership/dog/dog-web,web,single-attribute,Interests,1
single-attribute/interests-culture/pet-ownership/no-pets/no-pets-chat,chat,single-attribute,Interests,1
single-attribute/interests-culture/pet-ownership/no-pets/no-pets-survey,survey,single-attribute,Interests,1
single-attribute/interests-culture/pet-ownership/no-pets/no-pets-web,web,single-attribute,Interests,1
single-attribute/interests-culture/planning-horizon/multi-year-horizon/multi-year-horizon-app,app,single-attribute,Interests,1
single-attribute/interests-culture/planning-horizon/multi-year-horizon/multi-year-horizon-chat,chat,single-attribute,Interests,1
single-attribute/interests-culture/planning-horizon/multi-year-horizon/multi-year-horizon-survey,survey,single-attribute,Interests,1
single-attribute/interests-culture/planning-horizon/multi-year-horizon/multi-year-horizon-web,web,single-attribute,Interests,1
single-attribute/interests-culture/primary-browser/firefox/firefox-app,app,single-attribute,Interests,1
single-attribute/interests-culture/primary-social-platform/youtube/youtube-app,app,single-attribute,Interests,1
single-attribute/interests-culture/punctuality/on-time/on-time-app,app,single-attribute,Interests,1
single-attribute/interests-culture/punctuality/on-time/on-time-chat,chat,single-attribute,Interests,1
single-attribute/interests-culture/punctuality/on-time/on-time-survey,survey,single-attribute,Interests,1
single-attribute/interests-culture/reading-freq/daily-reader/daily-reader-app,app,single-attribute,Interests,1
single-attribute/interests-culture/reading-freq/daily-reader/daily-reader-chat,chat,single-attribute,Interests,1
single-attribute/interests-culture/reading-freq/daily-reader/daily-reader-survey,survey,single-attribute,Interests,1
single-attribute/interests-culture/reading-freq/daily-reader/daily-reader-web,web,single-attribute,Interests,1
single-attribute/interests-culture/reading-freq/rare-reader/rare-reader-chat,chat,single-attribute,Interests,1
single-attribute/interests-culture/reading-freq/rare-reader/rare-reader-survey,survey,single-attribute,Interests,1
single-attribute/interests-culture/reading-freq/rare-reader/rare-reader-web,web,single-attribute,Interests,1
single-attribute/interests-culture/screen-time/low-screen/low-screen-app,app,single-attribute,Interests,1
single-attribute/interests-culture/screen-time/low-screen/low-screen-chat,chat,single-attribute,Interests,1
single-attribute/interests-culture/screen-time/low-screen/low-screen-survey,survey,single-attribute,Interests,1
single-attribute/interests-culture/screen-time/low-screen/low-screen-web,web,single-attribute,Interests,1
single-attribute/interests-culture/shopping-style/impulse-buyer/impulse-buyer-app,app,single-attribute,Interests,1
single-attribute/interests-culture/shopping-style/impulse-buyer/impulse-buyer-chat,chat,single-attribute,Interests,1
single-attribute/interests-culture/shopping-style/impulse-buyer/impulse-buyer-survey,survey,single-attribute,Interests,1
single-attribute/interests-culture/shopping-style/impulse-buyer/impulse-buyer-web,web,single-attribute,Interests,1
single-attribute/interests-culture/shopping-style/researcher/researcher-app,app,single-attribute,Interests,1
single-attribute/interests-culture/shopping-style/researcher/researcher-chat,chat,single-attribute,Interests,1
single-attribute/interests-culture/shopping-style/researcher/researcher-survey,survey,single-attribute,Interests,1
single-attribute/interests-culture/shopping-style/researcher/researcher-web,web,single-attribute,Interests,1
single-attribute/interests-culture/smoking-vaping/never/never-app,app,single-attribute,Interests,1
single-attribute/interests-culture/smoking-vaping/never/never-web,web,single-attribute,Interests,1
single-attribute/interests-culture/social-battery/extrovert/extrovert-app,app,single-attribute,Interests,1
single-attribute/interests-culture/social-battery/extrovert/extrovert-chat,chat,single-attribute,Interests,1
single-attribute/interests-culture/social-battery/extrovert/extrovert-survey,survey,single-attribute,Interests,1
single-attribute/interests-culture/social-battery/extrovert/extrovert-web,web,single-attribute,Interests,1
single-attribute/interests-culture/social-battery/introvert/introvert-app,app,single-attribute,Interests,1
single-attribute/interests-culture/social-battery/introvert/introvert-chat,chat,single-attribute,Interests,1
single-attribute/interests-culture/social-battery/introvert/introvert-survey,survey,single-attribute,Interests,1
single-attribute/interests-culture/social-battery/introvert/introvert-web,web,single-attribute,Interests,1
single-attribute/interests-culture/topics/drones/drone-passion/drone-passion-app,app,single-attribute,Interests,1
single-attribute/interests-culture/topics/drones/drone-passion/drone-passion-chat,chat,single-attribute,Interests,1
single-attribute/interests-culture/topics/drones/drone-passion/drone-passion-survey,survey,single-attribute,Interests,1
single-attribute/interests-culture/topics/drones/drone-passion/drone-passion-web,web,single-attribute,Interests,1
single-attribute/interests-culture/topics/technology/tech-passion/tech-passion-app,app,single-attribute,Interests,1
single-attribute/interests-culture/topics/technology/tech-passion/tech-passion-chat,chat,single-attribute,Interests,1
single-attribute/interests-culture/topics/technology/tech-passion/tech-passion-survey,survey,single-attribute,Interests,1
single-attribute/interests-culture/topics/technology/tech-passion/tech-passion-web,web,single-attribute,Interests,1
single-attribute/interests-culture/vacation-style/adventure-style/adventure-style-app,app,single-attribute,Interests,1
single-attribute/interests-culture/vacation-style/adventure-style/adventure-style-chat,chat,single-attribute,Interests,1
single-attribute/interests-culture/vacation-style/adventure-style/adventure-style-survey,survey,single-attribute,Interests,1
single-attribute/interests-culture/vacation-style/adventure-style/adventure-style-web,web,single-attribute,Interests,1
single-attribute/interests-culture/vacation-style/relaxation/relaxation-app,app,single-attribute,Interests,1
single-attribute/interests-culture/vacation-style/relaxation/relaxation-chat,chat,single-attribute,Interests,1
single-attribute/interests-culture/vacation-style/relaxation/relaxation-survey,survey,single-attribute,Interests,1
single-attribute/interests-culture/vacation-style/relaxation/relaxation-web,web,single-attribute,Interests,1
single-attribute/interests-culture/volunteering/daily-volunteer/daily-volunteer-app,app,single-attribute,Interests,1
single-attribute/interests-culture/volunteering/daily-volunteer/daily-volunteer-chat,chat,single-attribute,Interests,1
single-attribute/interests-culture/volunteering/daily-volunteer/daily-volunteer-survey,survey,single-attribute,Interests,1
single-attribute/interests-culture/volunteering/daily-volunteer/daily-volunteer-web,web,single-attribute,Interests,1
single-attribute/interests-food/brazilian/love/brazilian-lover-app,app,single-attribute,Interests,1
single-attribute/interests-food/brazilian/love/brazilian-lover-web,web,single-attribute,Interests,1
single-attribute/interests-food/cajun/cajun-food-lover/cajun-food-lover-survey,survey,single-attribute,Interests,1
single-attribute/interests-food/cajun/cajun-food-lover/cajun-food-lover-web,web,single-attribute,Interests,1
single-attribute/interests-food/cajun/love/cajun-lover-app,app,single-attribute,Interests,1
single-attribute/interests-food/cajun/love/cajun-lover-web,web,single-attribute,Interests,1
single-attribute/interests-food/chinese/chinese-food-lover/chinese-food-lover-chat,chat,single-attribute,Interests,1
single-attribute/interests-food/chinese/chinese-food-lover/chinese-food-lover-survey,survey,single-attribute,Interests,1
single-attribute/interests-food/chinese/chinese-food-lover/chinese-food-lover-web,web,single-attribute,Interests,1
single-attribute/interests-food/chinese/love/chinese-lover-app,app,single-attribute,Interests,1
single-attribute/interests-food/chinese/love/chinese-lover-web,web,single-attribute,Interests,1
single-attribute/interests-food/ethiopian-cuisine/love/ethiopian-food-lover-survey,survey,single-attribute,Interests,1
single-attribute/interests-food/ethiopian-cuisine/love/ethiopian-food-lover-web,web,single-attribute,Interests,1
single-attribute/interests-food/greek/love/greek-lover-web,web,single-attribute,Interests,1
single-attribute/interests-food/indian/indian-food-lover/indian-food-lover-chat,chat,single-attribute,Interests,1
single-attribute/interests-food/indian/indian-food-lover/indian-food-lover-survey,survey,single-attribute,Interests,1
single-attribute/interests-food/indian/indian-food-lover/indian-food-lover-web,web,single-attribute,Interests,1
single-attribute/interests-food/indian/love/indian-lover-app,app,single-attribute,Interests,1
single-attribute/interests-food/indian/love/indian-lover-web,web,single-attribute,Interests,1
single-attribute/interests-food/indian/masala-menu/masala-menu-app,app,single-attribute,Interests,1
single-attribute/interests-food/indian/masala-menu/masala-menu-chat,chat,single-attribute,Interests,1
single-attribute/interests-food/indian/masala-menu/masala-menu-survey,survey,single-attribute,Interests,1
single-attribute/interests-food/indian/masala-menu/masala-menu-web,web,single-attribute,Interests,1
single-attribute/interests-food/mexican/love/mexican-lover-app,app,single-attribute,Interests,1
single-attribute/interests-food/mexican/love/mexican-lover-web,web,single-attribute,Interests,1
single-attribute/interests-food/mexican/taco-tuesdays/taco-tuesdays-app,app,single-attribute,Interests,1
single-attribute/interests-food/mexican/taco-tuesdays/taco-tuesdays-chat,chat,single-attribute,Interests,1
single-attribute/interests-food/mexican/taco-tuesdays/taco-tuesdays-survey,survey,single-attribute,Interests,1
single-attribute/interests-food/mexican/taco-tuesdays/taco-tuesdays-web,web,single-attribute,Interests,1
single-attribute/interests-food/middle-eastern/love/middle-eastern-lover-app,app,single-attribute,Interests,1
single-attribute/interests-food/middle-eastern/love/middle-eastern-lover-web,web,single-attribute,Interests,1
single-attribute/interests-food/seafood/love/seafood-lover-app,app,single-attribute,Interests,1
single-attribute/interests-food/seafood/love/seafood-lover-web,web,single-attribute,Interests,1
single-attribute/interests-food/seafood/seafood-lover/seafood-lover-chat,chat,single-attribute,Interests,1
single-attribute/interests-food/seafood/seafood-lover/seafood-lover-survey,survey,single-attribute,Interests,1
single-attribute/interests-food/seafood/seafood-lover/seafood-lover-web,web,single-attribute,Interests,1
single-attribute/interests-food/sichuan/love/sichuan-lover-app,app,single-attribute,Interests,1
single-attribute/interests-food/sichuan/love/sichuan-lover-web,web,single-attribute,Interests,1
single-attribute/interests-food/sichuan/spice-table/spice-table-app,app,single-attribute,Interests,1
single-attribute/interests-food/sichuan/spice-table/spice-table-chat,chat,single-attribute,Interests,1
single-attribute/interests-food/sichuan/spice-table/spice-table-survey,survey,single-attribute,Interests,1
single-attribute/interests-food/sichuan/spice-table/spice-table-web,web,single-attribute,Interests,1
single-attribute/interests-food/spanish-tapas/tapas-lover/tapas-lover-chat,chat,single-attribute,Interests,1
single-attribute/interests-food/spanish-tapas/tapas-lover/tapas-lover-survey,survey,single-attribute,Interests,1
single-attribute/interests-food/spanish-tapas/tapas-lover/tapas-lover-web,web,single-attribute,Interests,1
single-attribute/interests-food/spanish/love/spanish-lover-app,app,single-attribute,Interests,1
single-attribute/interests-food/spanish/love/spanish-lover-web,web,single-attribute,Interests,1
single-attribute/interests-food/vegetarian/love/vegetarian-lover-app,app,single-attribute,Interests,1
single-attribute/interests-food/vegetarian/love/vegetarian-lover-web,web,single-attribute,Interests,1
single-attribute/interests-food/vegetarian/vegetarian-cuisine-lover/vegetarian-cuisine-lover-chat,chat,single-attribute,Interests,1
single-attribute/interests-food/vegetarian/vegetarian-cuisine-lover/vegetarian-cuisine-lover-survey,survey,single-attribute,Interests,1
single-attribute/interests-food/vegetarian/vegetarian-cuisine-lover/vegetarian-cuisine-lover-web,web,single-attribute,Interests,1
single-attribute/interests-food/vietnamese/love/vietnamese-lover-app,app,single-attribute,Interests,1
single-attribute/interests-food/vietnamese/love/vietnamese-lover-web,web,single-attribute,Interests,1
single-attribute/interests-food/vietnamese/pho-first/pho-first-app,app,single-attribute,Interests,1
single-attribute/interests-food/vietnamese/pho-first/pho-first-chat,chat,single-attribute,Interests,1
single-attribute/interests-food/vietnamese/pho-first/pho-first-survey,survey,single-attribute,Interests,1
single-attribute/interests-food/vietnamese/pho-first/pho-first-web,web,single-attribute,Interests,1
single-attribute/interests-hobbies/aquariums/aquarist/aquarist-app,app,single-attribute,Interests,1
single-attribute/interests-hobbies/aquariums/aquarist/aquarist-chat,chat,single-attribute,Interests,1
single-attribute/interests-hobbies/aquariums/aquarist/aquarist-survey,survey,single-attribute,Interests,1
single-attribute/interests-hobbies/aquariums/aquarist/aquarist-web,web,single-attribute,Interests,1
single-attribute/interests-hobbies/ballroom-dance/no-ballroom-dance/no-ballroom-dance-chat,chat,single-attribute,Interests,1
single-attribute/interests-hobbies/ballroom-dance/no-ballroom-dance/no-ballroom-dance-survey,survey,single-attribute,Interests,1
single-attribute/interests-hobbies/ballroom-dance/no-ballroom-dance/no-ballroom-dance-web,web,single-attribute,Interests,1
single-attribute/interests-hobbies/birdwatching/birdwatcher/birdwatcher-app,app,single-attribute,Interests,1
single-attribute/interests-hobbies/birdwatching/birdwatcher/birdwatcher-chat,chat,single-attribute,Interests,1
single-attribute/interests-hobbies/birdwatching/birdwatcher/birdwatcher-survey,survey,single-attribute,Interests,1
single-attribute/interests-hobbies/birdwatching/birdwatcher/birdwatcher-web,web,single-attribute,Interests,1
single-attribute/interests-hobbies/bonsai/little-trees/little-trees-app,app,single-attribute,Interests,1
single-attribute/interests-hobbies/bonsai/little-trees/little-trees-chat,chat,single-attribute,Interests,1
single-attribute/interests-hobbies/bonsai/little-trees/little-trees-survey,survey,single-attribute,Interests,1
single-attribute/interests-hobbies/bonsai/little-trees/little-trees-web,web,single-attribute,Interests,1
single-attribute/interests-hobbies/calligraphy/brush-hand/brush-hand-app,app,single-attribute,Interests,1
single-attribute/interests-hobbies/calligraphy/brush-hand/brush-hand-chat,chat,single-attribute,Interests,1
single-attribute/interests-hobbies/calligraphy/brush-hand/brush-hand-survey,survey,single-attribute,Interests,1
single-attribute/interests-hobbies/calligraphy/brush-hand/brush-hand-web,web,single-attribute,Interests,1
single-attribute/interests-hobbies/calligraphy/no-calligraphy/no-calligraphy-chat,chat,single-attribute,Interests,1
single-attribute/interests-hobbies/calligraphy/no-calligraphy/no-calligraphy-web,web,single-attribute,Interests,1
single-attribute/interests-hobbies/coin-collecting/avid/avid-app,app,single-attribute,Interests,1
single-attribute/interests-hobbies/crocheting/hook-and-yarn/hook-and-yarn-app,app,single-attribute,Interests,1
single-attribute/interests-hobbies/crocheting/hook-and-yarn/hook-and-yarn-chat,chat,single-attribute,Interests,1
single-attribute/interests-hobbies/crocheting/hook-and-yarn/hook-and-yarn-survey,survey,single-attribute,Interests,1
single-attribute/interests-hobbies/crocheting/hook-and-yarn/hook-and-yarn-web,web,single-attribute,Interests,1
single-attribute/interests-hobbies/hobbies/brindley-hobby-circle/brindley-hobby-circle-app,app,single-attribute,Interests,1
single-attribute/interests-hobbies/hobbies/brindley-hobby-circle/brindley-hobby-circle-web,web,single-attribute,Interests,1
single-attribute/interests-hobbies/home-brewing/home-brewer/home-brewer-chat,chat,single-attribute,Interests,1
single-attribute/interests-hobbies/home-brewing/home-brewer/home-brewer-survey,survey,single-attribute,Interests,1
single-attribute/interests-hobbies/home-brewing/home-brewer/home-brewer-web,web,single-attribute,Interests,1
single-attribute/interests-hobbies/improv/no-improv/no-improv-web,web,single-attribute,Interests,1
single-attribute/interests-hobbies/karaoke/karaoke-regular/karaoke-regular-app,app,single-attribute,Interests,1
single-attribute/interests-hobbies/karaoke/karaoke-regular/karaoke-regular-chat,chat,single-attribute,Interests,1
single-attribute/interests-hobbies/karaoke/karaoke-regular/karaoke-regular-survey,survey,single-attribute,Interests,1
single-attribute/interests-hobbies/karaoke/karaoke-regular/karaoke-regular-web,web,single-attribute,Interests,1
single-attribute/interests-hobbies/knitting/knitter/knitter-app,app,single-attribute,Interests,1
single-attribute/interests-hobbies/knitting/knitter/knitter-chat,chat,single-attribute,Interests,1
single-attribute/interests-hobbies/knitting/knitter/knitter-survey,survey,single-attribute,Interests,1
single-attribute/interests-hobbies/knitting/knitter/knitter-web,web,single-attribute,Interests,1
single-attribute/interests-hobbies/letterpress/type-set/type-set-app,app,single-attribute,Interests,1
single-attribute/interests-hobbies/letterpress/type-set/type-set-chat,chat,single-attribute,Interests,1
single-attribute/interests-hobbies/letterpress/type-set/type-set-survey,survey,single-attribute,Interests,1
single-attribute/interests-hobbies/letterpress/type-set/type-set-web,web,single-attribute,Interests,1
single-attribute/interests-hobbies/model-building/model-builder/model-builder-app,app,single-attribute,Interests,1
single-attribute/interests-hobbies/model-building/model-builder/model-builder-chat,chat,single-attribute,Interests,1
single-attribute/interests-hobbies/model-building/model-builder/model-builder-survey,survey,single-attribute,Interests,1
single-attribute/interests-hobbies/model-building/model-builder/model-builder-web,web,single-attribute,Interests,1
single-attribute/interests-hobbies/paragliding/paraglider/paraglider-chat,chat,single-attribute,Interests,1
single-attribute/interests-hobbies/paragliding/paraglider/paraglider-survey,survey,single-attribute,Interests,1
single-attribute/interests-hobbies/paragliding/paraglider/paraglider-web,web,single-attribute,Interests,1
single-attribute/interests-hobbies/quilting/patchwork/patchwork-app,app,single-attribute,Interests,1
single-attribute/interests-hobbies/quilting/patchwork/patchwork-chat,chat,single-attribute,Interests,1
single-attribute/interests-hobbies/quilting/patchwork/patchwork-survey,survey,single-attribute,Interests,1
single-attribute/interests-hobbies/quilting/patchwork/patchwork-web,web,single-attribute,Interests,1
single-attribute/interests-hobbies/salsa-dancing/salsa-nights/salsa-nights-app,app,single-attribute,Interests,1
single-attribute/interests-hobbies/salsa-dancing/salsa-nights/salsa-nights-chat,chat,single-attribute,Interests,1
single-attribute/interests-hobbies/salsa-dancing/salsa-nights/salsa-nights-survey,survey,single-attribute,Interests,1
single-attribute/interests-hobbies/salsa-dancing/salsa-nights/salsa-nights-web,web,single-attribute,Interests,1
single-attribute/interests-hobbies/scrapbooking/no-scrapbooking/no-scrapbooking-chat,chat,single-attribute,Interests,1
single-attribute/interests-hobbies/scrapbooking/no-scrapbooking/no-scrapbooking-survey,survey,single-attribute,Interests,1
single-attribute/interests-hobbies/scrapbooking/no-scrapbooking/no-scrapbooking-web,web,single-attribute,Interests,1
single-attribute/interests-hobbies/snorkeling/snorkeler/snorkeler-app,app,single-attribute,Interests,1
single-attribute/interests-hobbies/snorkeling/snorkeler/snorkeler-chat,chat,single-attribute,Interests,1
single-attribute/interests-hobbies/snorkeling/snorkeler/snorkeler-survey,survey,single-attribute,Interests,1
single-attribute/interests-hobbies/snorkeling/snorkeler/snorkeler-web,web,single-attribute,Interests,1
single-attribute/interests-hobbies/stamp-collecting/stamp-collector/stamp-collector-chat,chat,single-attribute,Interests,1
single-attribute/interests-hobbies/stamp-collecting/stamp-collector/stamp-collector-survey,survey,single-attribute,Interests,1
single-attribute/interests-hobbies/stamp-collecting/stamp-collector/stamp-collector-web,web,single-attribute,Interests,1
single-attribute/interests-hobbies/stargazing/stargazer/stargazer-app,app,single-attribute,Interests,1
single-attribute/interests-hobbies/stargazing/stargazer/stargazer-chat,chat,single-attribute,Interests,1
single-attribute/interests-hobbies/stargazing/stargazer/stargazer-survey,survey,single-attribute,Interests,1
single-attribute/interests-hobbies/stargazing/stargazer/stargazer-web,web,single-attribute,Interests,1
single-attribute/interests-hobbies/vegetable-gardening/raised-beds/raised-beds-app,app,single-attribute,Interests,1
single-attribute/interests-hobbies/vegetable-gardening/raised-beds/raised-beds-chat,chat,single-attribute,Interests,1
single-attribute/interests-hobbies/vegetable-gardening/raised-beds/raised-beds-survey,survey,single-attribute,Interests,1
single-attribute/interests-hobbies/vegetable-gardening/raised-beds/raised-beds-web,web,single-attribute,Interests,1
single-attribute/interests-hobbies/whittling/whittler/whittler-survey,survey,single-attribute,Interests,1
single-attribute/interests-hobbies/whittling/whittler/whittler-web,web,single-attribute,Interests,1
single-attribute/interests-media/animation/animation-lover/animation-lover-chat,chat,single-attribute,Interests,1
single-attribute/interests-media/animation/animation-lover/animation-lover-survey,survey,single-attribute,Interests,1
single-attribute/interests-media/animation/animation-lover/animation-lover-web,web,single-attribute,Interests,1
single-attribute/interests-media/books-travel-writing/love/shelf-routing-web,web,single-attribute,Interests,1
single-attribute/interests-media/books/memoir/memoir-shelf/memoir-shelf-app,app,single-attribute,Interests,1
single-attribute/interests-media/books/memoir/memoir-shelf/memoir-shelf-chat,chat,single-attribute,Interests,1
single-attribute/interests-media/books/memoir/memoir-shelf/memoir-shelf-survey,survey,single-attribute,Interests,1
single-attribute/interests-media/books/memoir/memoir-shelf/memoir-shelf-web,web,single-attribute,Interests,1
single-attribute/interests-media/books/true-crime/case-files/case-files-app,app,single-attribute,Interests,1
single-attribute/interests-media/books/true-crime/case-files/case-files-chat,chat,single-attribute,Interests,1
single-attribute/interests-media/books/true-crime/case-files/case-files-survey,survey,single-attribute,Interests,1
single-attribute/interests-media/books/true-crime/case-files/case-files-web,web,single-attribute,Interests,1
single-attribute/interests-media/books/young-adult/hall-locker/hall-locker-app,app,single-attribute,Interests,1
single-attribute/interests-media/books/young-adult/hall-locker/hall-locker-chat,chat,single-attribute,Interests,1
single-attribute/interests-media/books/young-adult/hall-locker/hall-locker-survey,survey,single-attribute,Interests,1
single-attribute/interests-media/books/young-adult/hall-locker/hall-locker-web,web,single-attribute,Interests,1
single-attribute/interests-media/electronic-music/electronic-music-lover/electronic-music-lover-chat,chat,single-attribute,Interests,1
single-attribute/interests-media/electronic-music/electronic-music-lover/electronic-music-lover-survey,survey,single-attribute,Interests,1
single-attribute/interests-media/electronic-music/electronic-music-lover/electronic-music-lover-web,web,single-attribute,Interests,1
single-attribute/interests-media/films/animation/drawn-frames/drawn-frames-app,app,single-attribute,Interests,1
single-attribute/interests-media/films/animation/drawn-frames/drawn-frames-chat,chat,single-attribute,Interests,1
single-attribute/interests-media/films/animation/drawn-frames/drawn-frames-survey,survey,single-attribute,Interests,1
single-attribute/interests-media/films/animation/drawn-frames/drawn-frames-web,web,single-attribute,Interests,1
single-attribute/interests-media/films/historical/period-screen/period-screen-app,app,single-attribute,Interests,1
single-attribute/interests-media/films/historical/period-screen/period-screen-chat,chat,single-attribute,Interests,1
single-attribute/interests-media/films/historical/period-screen/period-screen-survey,survey,single-attribute,Interests,1
single-attribute/interests-media/films/historical/period-screen/period-screen-web,web,single-attribute,Interests,1
single-attribute/interests-media/horror-film/horror-film-lover/horror-film-lover-chat,chat,single-attribute,Interests,1
single-attribute/interests-media/horror-film/horror-film-lover/horror-film-lover-survey,survey,single-attribute,Interests,1
single-attribute/interests-media/horror-film/horror-film-lover/horror-film-lover-web,web,single-attribute,Interests,1
single-attribute/interests-media/latin-music/latin-music-lover/latin-music-lover-chat,chat,single-attribute,Interests,1
single-attribute/interests-media/latin-music/latin-music-lover/latin-music-lover-survey,survey,single-attribute,Interests,1
single-attribute/interests-media/latin-music/latin-music-lover/latin-music-lover-web,web,single-attribute,Interests,1
single-attribute/interests-media/music-bollywood/love/queue-repair-web,web,single-attribute,Interests,1
single-attribute/interests-media/music/blues/skip/no-blue-note/no-blue-note-app,app,single-attribute,Interests,1
single-attribute/interests-media/music/blues/skip/no-blue-note/no-blue-note-chat,chat,single-attribute,Interests,1
single-attribute/interests-media/music/blues/skip/no-blue-note/no-blue-note-survey,survey,single-attribute,Interests,1
single-attribute/interests-media/music/blues/skip/no-blue-note/no-blue-note-web,web,single-attribute,Interests,1
single-attribute/interests-media/music/blues/twelve-bar/twelve-bar-app,app,single-attribute,Interests,1
single-attribute/interests-media/music/blues/twelve-bar/twelve-bar-chat,chat,single-attribute,Interests,1
single-attribute/interests-media/music/blues/twelve-bar/twelve-bar-survey,survey,single-attribute,Interests,1
single-attribute/interests-media/music/blues/twelve-bar/twelve-bar-web,web,single-attribute,Interests,1
single-attribute/interests-media/rock-music/rock-music-lover/rock-music-lover-chat,chat,single-attribute,Interests,1
single-attribute/interests-media/rock-music/rock-music-lover/rock-music-lover-survey,survey,single-attribute,Interests,1
single-attribute/interests-media/rock-music/rock-music-lover/rock-music-lover-web,web,single-attribute,Interests,1
single-attribute/interests-media/romance-books/romance-reader/romance-reader-chat,chat,single-attribute,Interests,1
single-attribute/interests-media/romance-books/romance-reader/romance-reader-survey,survey,single-attribute,Interests,1
single-attribute/interests-media/romance-books/romance-reader/romance-reader-web,web,single-attribute,Interests,1
single-attribute/interests-sports/baseball/no-baseball/no-baseball-chat,chat,single-attribute,Interests,1
single-attribute/interests-sports/baseball/no-baseball/no-baseball-survey,survey,single-attribute,Interests,1
single-attribute/interests-sports/baseball/no-baseball/no-baseball-web,web,single-attribute,Interests,1
single-attribute/interests-sports/basketball/play/basketball-player-app,app,single-attribute,Interests,1
single-attribute/interests-sports/boxing/play/boxing-player-app,app,single-attribute,Interests,1
single-attribute/interests-sports/boxing/play/boxing-player-web,web,single-attribute,Interests,1
single-attribute/interests-sports/cricket/play/cricket-player-app,app,single-attribute,Interests,1
single-attribute/interests-sports/cricket/play/cricket-player-web,web,single-attribute,Interests,1
single-attribute/interests-sports/cycling/play/cycling-participant-web,web,single-attribute,Interests,1
single-attribute/interests-sports/esports/play/esports-player-app,app,single-attribute,Interests,1
single-attribute/interests-sports/esports/play/esports-player-web,web,single-attribute,Interests,1
single-attribute/interests-sports/golf/play/golf-player-app,app,single-attribute,Interests,1
single-attribute/interests-sports/golf/play/golf-player-web,web,single-attribute,Interests,1
single-attribute/interests-sports/martial-arts/dojo-time/dojo-time-app,app,single-attribute,Interests,1
single-attribute/interests-sports/martial-arts/dojo-time/dojo-time-chat,chat,single-attribute,Interests,1
single-attribute/interests-sports/martial-arts/dojo-time/dojo-time-survey,survey,single-attribute,Interests,1
single-attribute/interests-sports/martial-arts/dojo-time/dojo-time-web,web,single-attribute,Interests,1
single-attribute/interests-sports/martial-arts/no-martial-arts/no-martial-arts-chat,chat,single-attribute,Interests,1
single-attribute/interests-sports/martial-arts/no-martial-arts/no-martial-arts-survey,survey,single-attribute,Interests,1
single-attribute/interests-sports/martial-arts/no-martial-arts/no-martial-arts-web,web,single-attribute,Interests,1
single-attribute/interests-sports/rowing/no-rowing/no-rowing-chat,chat,single-attribute,Interests,1
single-attribute/interests-sports/rowing/no-rowing/no-rowing-survey,survey,single-attribute,Interests,1
single-attribute/interests-sports/rowing/no-rowing/no-rowing-web,web,single-attribute,Interests,1
single-attribute/interests-sports/rugby/play/rugby-player-app,app,single-attribute,Interests,1
single-attribute/interests-sports/rugby/play/rugby-player-web,web,single-attribute,Interests,1
single-attribute/interests-sports/sailing/play/sailing-player-app,app,single-attribute,Interests,1
single-attribute/interests-sports/sailing/play/sailing-player-web,web,single-attribute,Interests,1
single-attribute/interests-sports/sailing/set-sail/set-sail-app,app,single-attribute,Interests,1
single-attribute/interests-sports/sailing/set-sail/set-sail-chat,chat,single-attribute,Interests,1
single-attribute/interests-sports/sailing/set-sail/set-sail-survey,survey,single-attribute,Interests,1
single-attribute/interests-sports/sailing/set-sail/set-sail-web,web,single-attribute,Interests,1
single-attribute/interests-sports/skateboarding/no-skateboarding/no-skateboarding-chat,chat,single-attribute,Interests,1
single-attribute/interests-sports/skateboarding/no-skateboarding/no-skateboarding-survey,survey,single-attribute,Interests,1
single-attribute/interests-sports/skateboarding/no-skateboarding/no-skateboarding-web,web,single-attribute,Interests,1
single-attribute/interests-sports/snowboarding/no-snowboarding/no-snowboarding-chat,chat,single-attribute,Interests,1
single-attribute/interests-sports/snowboarding/no-snowboarding/no-snowboarding-survey,survey,single-attribute,Interests,1
single-attribute/interests-sports/snowboarding/no-snowboarding/no-snowboarding-web,web,single-attribute,Interests,1
single-attribute/interests-sports/soccer/play/soccer-player-app,app,single-attribute,Interests,1
single-attribute/interests-sports/soccer/play/soccer-player-web,web,single-attribute,Interests,1
single-attribute/interests-sports/squash/no-squash/no-squash-chat,chat,single-attribute,Interests,1
single-attribute/interests-sports/squash/no-squash/no-squash-survey,survey,single-attribute,Interests,1
single-attribute/interests-sports/squash/no-squash/no-squash-web,web,single-attribute,Interests,1
single-attribute/interests-sports/swimming/play/swimming-player-app,app,single-attribute,Interests,1
single-attribute/interests-sports/swimming/play/swimming-player-web,web,single-attribute,Interests,1
single-attribute/interests-sports/tennis/court-time/court-time-app,app,single-attribute,Interests,1
single-attribute/interests-sports/tennis/court-time/court-time-chat,chat,single-attribute,Interests,1
single-attribute/interests-sports/tennis/court-time/court-time-survey,survey,single-attribute,Interests,1
single-attribute/interests-sports/tennis/court-time/court-time-web,web,single-attribute,Interests,1
single-attribute/interests-sports/tennis/play/tennis-player-web,web,single-attribute,Interests,1
single-attribute/interests-sports/track-field/play/track-field-player-app,app,single-attribute,Interests,1
single-attribute/interests-sports/track-field/play/track-field-player-web,web,single-attribute,Interests,1
single-attribute/interests-sports/yoga/yoga-slot/yoga-slot-app,app,single-attribute,Interests,1
single-attribute/interests-sports/yoga/yoga-slot/yoga-slot-chat,chat,single-attribute,Interests,1
single-attribute/interests-sports/yoga/yoga-slot/yoga-slot-survey,survey,single-attribute,Interests,1
single-attribute/interests-sports/yoga/yoga-slot/yoga-slot-web,web,single-attribute,Interests,1
single-attribute/interests-topics/activism/activism-devotee/activism-devotee-chat,chat,single-attribute,Interests,1
single-attribute/interests-topics/activism/activism-devotee/activism-devotee-survey,survey,single-attribute,Interests,1
single-attribute/interests-topics/activism/civic-turnout/civic-turnout-chat,chat,single-attribute,Interests,1
single-attribute/interests-topics/activism/civic-turnout/civic-turnout-survey,survey,single-attribute,Interests,1
single-attribute/interests-topics/anime/anime-fan/anime-fan-app,app,single-attribute,Interests,1
single-attribute/interests-topics/anime/anime-fan/anime-fan-chat,chat,single-attribute,Interests,1
single-attribute/interests-topics/anime/anime-fan/anime-fan-web,web,single-attribute,Interests,1
single-attribute/interests-topics/architecture/built-form/built-form-app,app,single-attribute,Interests,1
single-attribute/interests-topics/architecture/built-form/built-form-chat,chat,single-attribute,Interests,1
single-attribute/interests-topics/architecture/built-form/built-form-survey,survey,single-attribute,Interests,1
single-attribute/interests-topics/architecture/built-form/built-form-web,web,single-attribute,Interests,1
single-attribute/interests-topics/astrology/astrology-averse/astrology-averse-app,app,single-attribute,Interests,1
single-attribute/interests-topics/astrology/astrology-averse/astrology-averse-web,web,single-attribute,Interests,1
single-attribute/interests-topics/board-games/no-dice/no-dice-app,app,single-attribute,Interests,1
single-attribute/interests-topics/board-games/no-dice/no-dice-chat,chat,single-attribute,Interests,1
single-attribute/interests-topics/board-games/no-dice/no-dice-web,web,single-attribute,Interests,1
single-attribute/interests-topics/board-games/passionate/passionate-app,app,single-attribute,Interests,1
single-attribute/interests-topics/board-games/passionate/passionate-survey,survey,single-attribute,Interests,1
single-attribute/interests-topics/cars/car-enthusiast/car-enthusiast-app,app,single-attribute,Interests,1
single-attribute/interests-topics/cars/car-enthusiast/car-enthusiast-chat,chat,single-attribute,Interests,1
single-attribute/interests-topics/cars/car-enthusiast/car-enthusiast-web,web,single-attribute,Interests,1
single-attribute/interests-topics/collecting/swap-table/swap-table-app,app,single-attribute,Interests,1
single-attribute/interests-topics/collecting/swap-table/swap-table-chat,chat,single-attribute,Interests,1
single-attribute/interests-topics/collecting/swap-table/swap-table-survey,survey,single-attribute,Interests,1
single-attribute/interests-topics/collecting/swap-table/swap-table-web,web,single-attribute,Interests,1
single-attribute/interests-topics/comics/comics-fan/comics-fan-app,app,single-attribute,Interests,1
single-attribute/interests-topics/comics/comics-fan/comics-fan-chat,chat,single-attribute,Interests,1
single-attribute/interests-topics/comics/comics-fan/comics-fan-survey,survey,single-attribute,Interests,1
single-attribute/interests-topics/comics/comics-fan/comics-fan-web,web,single-attribute,Interests,1
single-attribute/interests-topics/craft-beer/craft-beer-devotee/craft-beer-devotee-chat,chat,single-attribute,Interests,1
single-attribute/interests-topics/craft-beer/craft-beer-devotee/craft-beer-devotee-survey,survey,single-attribute,Interests,1
single-attribute/interests-topics/craft-beer/craft-beer-devotee/craft-beer-devotee-web,web,single-attribute,Interests,1
single-attribute/interests-topics/cryptocurrency/no-coin/no-coin-app,app,single-attribute,Interests,1
single-attribute/interests-topics/cryptocurrency/no-coin/no-coin-chat,chat,single-attribute,Interests,1
single-attribute/interests-topics/cryptocurrency/no-coin/no-coin-survey,survey,single-attribute,Interests,1
single-attribute/interests-topics/cryptocurrency/no-coin/no-coin-web,web,single-attribute,Interests,1
single-attribute/interests-topics/fashion/fashion-fan/fashion-fan-app,app,single-attribute,Interests,1
single-attribute/interests-topics/fashion/fashion-fan/fashion-fan-chat,chat,single-attribute,Interests,1
single-attribute/interests-topics/fashion/fashion-fan/fashion-fan-survey,survey,single-attribute,Interests,1
single-attribute/interests-topics/fashion/fashion-fan/fashion-fan-web,web,single-attribute,Interests,1
single-attribute/interests-topics/fishing/dry-land/dry-land-app,app,single-attribute,Interests,1
single-attribute/interests-topics/fishing/dry-land/dry-land-chat,chat,single-attribute,Interests,1
single-attribute/interests-topics/fishing/dry-land/dry-land-survey,survey,single-attribute,Interests,1
single-attribute/interests-topics/fishing/dry-land/dry-land-web,web,single-attribute,Interests,1
single-attribute/interests-topics/genealogy/genealogist/genealogist-app,app,single-attribute,Interests,1
single-attribute/interests-topics/genealogy/genealogist/genealogist-chat,chat,single-attribute,Interests,1
single-attribute/interests-topics/genealogy/genealogist/genealogist-survey,survey,single-attribute,Interests,1
single-attribute/interests-topics/genealogy/genealogist/genealogist-web,web,single-attribute,Interests,1
single-attribute/interests-topics/interest-astronomy/passionate/astronomy-enthusiast-app,app,single-attribute,Interests,1
single-attribute/interests-topics/interest-astronomy/passionate/astronomy-enthusiast-web,web,single-attribute,Interests,1
single-attribute/interests-topics/interest-camping/passionate/camping-enthusiast-app,app,single-attribute,Interests,1
single-attribute/interests-topics/interest-cooking/passionate/cooking-enthusiast-app,app,single-attribute,Interests,1
single-attribute/interests-topics/interest-cooking/passionate/cooking-enthusiast-chat,chat,single-attribute,Interests,1
single-attribute/interests-topics/interest-cooking/passionate/cooking-enthusiast-web,web,single-attribute,Interests,1
single-attribute/interests-topics/interest-dance/passionate/dance-enthusiast-app,app,single-attribute,Interests,1
single-attribute/interests-topics/interest-dance/passionate/dance-enthusiast-web,web,single-attribute,Interests,1
single-attribute/interests-topics/interest-film/passionate/film-buff-app,app,single-attribute,Interests,1
single-attribute/interests-topics/interest-film/passionate/film-buff-web,web,single-attribute,Interests,1
single-attribute/interests-topics/interest-hiking/passionate/hiking-enthusiast-app,app,single-attribute,Interests,1
single-attribute/interests-topics/interest-hiking/passionate/hiking-enthusiast-web,web,single-attribute,Interests,1
single-attribute/interests-topics/interest-history/passionate/history-buff-app,app,single-attribute,Interests,1
single-attribute/interests-topics/interest-history/passionate/history-buff-web,web,single-attribute,Interests,1
single-attribute/interests-topics/interest-investing/passionate/investing-enthusiast-app,app,single-attribute,Interests,1
single-attribute/interests-topics/interest-investing/passionate/investing-enthusiast-chat,chat,single-attribute,Interests,1
single-attribute/interests-topics/interest-investing/passionate/investing-enthusiast-web,web,single-attribute,Interests,1
single-attribute/interests-topics/interest-literature/passionate/literature-enthusiast-app,app,single-attribute,Interests,1
single-attribute/interests-topics/interest-literature/passionate/literature-enthusiast-web,web,single-attribute,Interests,1
single-attribute/interests-topics/interest-music/passionate/music-enthusiast-app,app,single-attribute,Interests,1
single-attribute/interests-topics/interest-music/passionate/music-enthusiast-web,web,single-attribute,Interests,1
single-attribute/interests-topics/interest-puzzles/passionate/puzzle-lover-app,app,single-attribute,Interests,1
single-attribute/interests-topics/interest-puzzles/passionate/puzzle-lover-web,web,single-attribute,Interests,1
single-attribute/interests-topics/interest-running/passionate/running-enthusiast-app,app,single-attribute,Interests,1
single-attribute/interests-topics/interest-running/passionate/running-enthusiast-web,web,single-attribute,Interests,1
single-attribute/interests-topics/interest-science/passionate/science-enthusiast-app,app,single-attribute,Interests,1
single-attribute/interests-topics/interest-science/passionate/science-enthusiast-web,web,single-attribute,Interests,1
single-attribute/interests-topics/interest-sports/passionate/sports-fan-web,web,single-attribute,Interests,1
single-attribute/interests-topics/interest-tea/passionate/tea-enthusiast-app,app,single-attribute,Interests,1
single-attribute/interests-topics/interest-tea/passionate/tea-enthusiast-web,web,single-attribute,Interests,1
single-attribute/interests-topics/interest-theater/passionate/theater-enthusiast-app,app,single-attribute,Interests,1
single-attribute/interests-topics/interest-theater/passionate/theater-enthusiast-web,web,single-attribute,Interests,1
single-attribute/interests-topics/interest-travel/passionate/travel-enthusiast-app,app,single-attribute,Interests,1
single-attribute/interests-topics/interest-travel/passionate/travel-enthusiast-web,web,single-attribute,Interests,1
single-attribute/interests-topics/interest-volunteering/passionate/volunteering-enthusiast-app,app,single-attribute,Interests,1
single-attribute/interests-topics/interest-volunteering/passionate/volunteering-enthusiast-web,web,single-attribute,Interests,1
single-attribute/interests-topics/knitting/interested/interested-survey,survey,single-attribute,Interests,1
single-attribute/interests-topics/live-concerts/live-concert-devotee/live-concert-devotee-chat,chat,single-attribute,Interests,1
single-attribute/interests-topics/live-concerts/live-concert-devotee/live-concert-devotee-survey,survey,single-attribute,Interests,1
single-attribute/interests-topics/live-concerts/live-concert-devotee/live-concert-devotee-web,web,single-attribute,Interests,1
single-attribute/interests-topics/magic-tricks/no-rabbit/no-rabbit-app,app,single-attribute,Interests,1
single-attribute/interests-topics/magic-tricks/no-rabbit/no-rabbit-chat,chat,single-attribute,Interests,1
single-attribute/interests-topics/magic-tricks/no-rabbit/no-rabbit-survey,survey,single-attribute,Interests,1
single-attribute/interests-topics/magic-tricks/no-rabbit/no-rabbit-web,web,single-attribute,Interests,1
single-attribute/interests-topics/meditation/no-cushion/no-cushion-app,app,single-attribute,Interests,1
single-attribute/interests-topics/meditation/no-cushion/no-cushion-chat,chat,single-attribute,Interests,1
single-attribute/interests-topics/meditation/no-cushion/no-cushion-survey,survey,single-attribute,Interests,1
single-attribute/interests-topics/meditation/no-cushion/no-cushion-web,web,single-attribute,Interests,1
single-attribute/interests-topics/motorcycles/two-wheels/two-wheels-app,app,single-attribute,Interests,1
single-attribute/interests-topics/motorcycles/two-wheels/two-wheels-chat,chat,single-attribute,Interests,1
single-attribute/interests-topics/motorcycles/two-wheels/two-wheels-survey,survey,single-attribute,Interests,1
single-attribute/interests-topics/motorcycles/two-wheels/two-wheels-web,web,single-attribute,Interests,1
single-attribute/interests-topics/parenting/kids-corner/kids-corner-chat,chat,single-attribute,Interests,1
single-attribute/interests-topics/parenting/kids-corner/kids-corner-survey,survey,single-attribute,Interests,1
single-attribute/interests-topics/philosophy/no-lecture/no-lecture-app,app,single-attribute,Interests,1
single-attribute/interests-topics/philosophy/no-lecture/no-lecture-chat,chat,single-attribute,Interests,1
single-attribute/interests-topics/philosophy/no-lecture/no-lecture-survey,survey,single-attribute,Interests,1
single-attribute/interests-topics/philosophy/no-lecture/no-lecture-web,web,single-attribute,Interests,1
single-attribute/interests-topics/podcasts/no-earbuds/no-earbuds-app,app,single-attribute,Interests,1
single-attribute/interests-topics/podcasts/no-earbuds/no-earbuds-chat,chat,single-attribute,Interests,1
single-attribute/interests-topics/podcasts/no-earbuds/no-earbuds-survey,survey,single-attribute,Interests,1
single-attribute/interests-topics/podcasts/no-earbuds/no-earbuds-web,web,single-attribute,Interests,1
single-attribute/interests-topics/self-improvement/no-self-help/no-self-help-app,app,single-attribute,Interests,1
single-attribute/interests-topics/self-improvement/no-self-help/no-self-help-chat,chat,single-attribute,Interests,1
single-attribute/interests-topics/self-improvement/no-self-help/no-self-help-survey,survey,single-attribute,Interests,1
single-attribute/interests-topics/self-improvement/no-self-help/no-self-help-web,web,single-attribute,Interests,1
single-attribute/interests-topics/stand-up-comedy/front-row-laughs/front-row-laughs-app,app,single-attribute,Interests,1
single-attribute/interests-topics/stand-up-comedy/front-row-laughs/front-row-laughs-chat,chat,single-attribute,Interests,1
single-attribute/interests-topics/stand-up-comedy/front-row-laughs/front-row-laughs-survey,survey,single-attribute,Interests,1
single-attribute/interests-topics/stand-up-comedy/front-row-laughs/front-row-laughs-web,web,single-attribute,Interests,1
single-attribute/interests-topics/theater/interested/interested-survey,survey,single-attribute,Interests,1
single-attribute/interests-topics/topic-fashion/passionate/fashion-enthusiast-app,app,single-attribute,Interests,1
single-attribute/interests-topics/topic-gaming/passionate/gaming-enthusiast-app,app,single-attribute,Interests,1
single-attribute/interests-topics/topic-gardening/passionate/gardening-enthusiast-app,app,single-attribute,Interests,1
single-attribute/interests-topics/topic-gardening/passionate/gardening-enthusiast-web,web,single-attribute,Interests,1
single-attribute/interests-topics/topic-home-improvement/passionate/home-improvement-buff-app,app,single-attribute,Interests,1
single-attribute/interests-topics/topic-home-improvement/passionate/home-improvement-buff-web,web,single-attribute,Interests,1
single-attribute/interests-topics/topic-personal-finance/passionate/personal-finance-buff-app,app,single-attribute,Interests,1
single-attribute/interests-topics/topic-personal-finance/passionate/personal-finance-buff-web,web,single-attribute,Interests,1
single-attribute/interests-topics/topic-space/passionate/space-enthusiast-app,app,single-attribute,Interests,1
single-attribute/interests-topics/topic-space/passionate/space-enthusiast-web,web,single-attribute,Interests,1
single-attribute/interests-topics/true-crime/true-crime-fan/true-crime-fan-app,app,single-attribute,Interests,1
single-attribute/interests-topics/true-crime/true-crime-fan/true-crime-fan-chat,chat,single-attribute,Interests,1
single-attribute/interests-topics/true-crime/true-crime-fan/true-crime-fan-survey,survey,single-attribute,Interests,1
single-attribute/interests-topics/true-crime/true-crime-fan/true-crime-fan-web,web,single-attribute,Interests,1
single-attribute/interests-topics/visual-art/art-lover/art-lover-app,app,single-attribute,Interests,1
single-attribute/interests-topics/visual-art/art-lover/art-lover-chat,chat,single-attribute,Interests,1
single-attribute/interests-topics/visual-art/art-lover/art-lover-survey,survey,single-attribute,Interests,1
single-attribute/interests-topics/visual-art/art-lover/art-lover-web,web,single-attribute,Interests,1
single-attribute/interests-topics/yoga/yogi/yogi-app,app,single-attribute,Interests,1
single-attribute/interests-topics/yoga/yogi/yogi-chat,chat,single-attribute,Interests,1
single-attribute/interests-topics/yoga/yogi/yogi-survey,survey,single-attribute,Interests,1
single-attribute/interests-topics/yoga/yogi/yogi-web,web,single-attribute,Interests,1
single-attribute/learning-academic/algebra/algebra-devotee/algebra-devotee-chat,chat,single-attribute,Learning,1
single-attribute/learning-academic/algebra/algebra-devotee/algebra-devotee-survey,survey,single-attribute,Learning,1
single-attribute/learning-academic/earth-science/core-tray/core-tray-app,app,single-attribute,Learning,1
single-attribute/learning-academic/earth-science/core-tray/core-tray-chat,chat,single-attribute,Learning,1
single-attribute/learning-academic/earth-science/core-tray/core-tray-survey,survey,single-attribute,Learning,1
single-attribute/learning-academic/earth-science/core-tray/core-tray-web,web,single-attribute,Learning,1
single-attribute/learning-academic/literature/literature-devotee/literature-devotee-chat,chat,single-attribute,Learning,1
single-attribute/learning-academic/literature/literature-devotee/literature-devotee-survey,survey,single-attribute,Learning,1
single-attribute/learning-academic/psychology/psychology-devotee/psychology-devotee-chat,chat,single-attribute,Learning,1
single-attribute/learning-academic/psychology/psychology-devotee/psychology-devotee-survey,survey,single-attribute,Learning,1
single-attribute/learning-academic/psychology/psychology-devotee/psychology-devotee-web,web,single-attribute,Learning,1
single-attribute/learning-academic/statistics/statistics-devotee/statistics-devotee-chat,chat,single-attribute,Learning,1
single-attribute/learning-academic/statistics/statistics-devotee/statistics-devotee-survey,survey,single-attribute,Learning,1
single-attribute/learning-academic/statistics/statistics-devotee/statistics-devotee-web,web,single-attribute,Learning,1
single-attribute/learning-academic/world-history/history-devotee/history-devotee-chat,chat,single-attribute,Learning,1
single-attribute/learning-academic/world-history/history-devotee/history-devotee-survey,survey,single-attribute,Learning,1
single-attribute/learning-academic/world-history/history-devotee/history-devotee-web,web,single-attribute,Learning,1
single-attribute/learning-style/format/reading-writing/reading-writing-web,web,single-attribute,Learning,1
single-attribute/learning-style/learning-style/kinesthetic/kinesthetic-app,app,single-attribute,Learning,1
single-attribute/learning-style/learning-style/kinesthetic/kinesthetic-chat,chat,single-attribute,Learning,1
single-attribute/learning-style/learning-style/kinesthetic/kinesthetic-survey,survey,single-attribute,Learning,1
single-attribute/learning-style/learning-style/kinesthetic/kinesthetic-web,web,single-attribute,Learning,1
single-attribute/learning-style/learning-style/visual-learner/visual-learner-app,app,single-attribute,Learning,1
single-attribute/linguistic-communication/assertiveness/highly-assertive/highly-assertive-app,app,single-attribute,Linguistic,1
single-attribute/linguistic-communication/big-picture-vs-detail/detail-obsessed/detail-obsessed-app,app,single-attribute,Linguistic,1
single-attribute/linguistic-communication/big-picture-vs-detail/detail-obsessed/detail-obsessed-chat,chat,single-attribute,Linguistic,1
single-attribute/linguistic-communication/big-picture-vs-detail/detail-obsessed/detail-obsessed-survey,survey,single-attribute,Linguistic,1
single-attribute/linguistic-communication/curiosity/highly-curious/highly-curious-app,app,single-attribute,Linguistic,1
single-attribute/linguistic-communication/curiosity/highly-curious/highly-curious-web,web,single-attribute,Linguistic,1
single-attribute/linguistic-communication/directness/blunt/blunt-app,app,single-attribute,Linguistic,1
single-attribute/linguistic-communication/directness/blunt/blunt-web,web,single-attribute,Linguistic,1
single-attribute/linguistic-communication/emotional-expressiveness/highly-expressive/highly-expressive-app,app,single-attribute,Linguistic,1
single-attribute/linguistic-communication/expected-tone/formal/formal-app,app,single-attribute,Linguistic,1
single-attribute/linguistic-communication/expected-tone/formal/formal-web,web,single-attribute,Linguistic,1
single-attribute/linguistic-communication/expected-tone/playful/playful-app,app,single-attribute,Linguistic,1
single-attribute/linguistic-communication/expected-tone/playful/playful-web,web,single-attribute,Linguistic,1
single-attribute/linguistic-communication/formality/very-formal/very-formal-app,app,single-attribute,Linguistic,1
single-attribute/linguistic-communication/formality/very-formal/very-formal-chat,chat,single-attribute,Linguistic,1
single-attribute/linguistic-communication/formality/very-formal/very-formal-web,web,single-attribute,Linguistic,1
single-attribute/linguistic-communication/humor/playful/playful-chat,chat,single-attribute,Linguistic,1
single-attribute/linguistic-communication/jargon-use/avoids-jargon/avoids-jargon-app,app,single-attribute,Linguistic,1
single-attribute/linguistic-communication/jargon-use/avoids-jargon/avoids-jargon-survey,survey,single-attribute,Linguistic,1
single-attribute/linguistic-communication/jargon-use/avoids-jargon/avoids-jargon-web,web,single-attribute,Linguistic,1
single-attribute/linguistic-communication/multitasking/strict-monotasker/strict-monotasker-app,app,single-attribute,Linguistic,1
single-attribute/linguistic-communication/multitasking/strict-monotasker/strict-monotasker-chat,chat,single-attribute,Linguistic,1
single-attribute/linguistic-communication/multitasking/strict-monotasker/strict-monotasker-web,web,single-attribute,Linguistic,1
single-attribute/linguistic-communication/optimism/very-high/optimist-app,app,single-attribute,Linguistic,1
single-attribute/linguistic-communication/optimism/very-high/optimist-chat,chat,single-attribute,Linguistic,1
single-attribute/linguistic-communication/patience/highly-patient/highly-patient-app,app,single-attribute,Linguistic,1
single-attribute/linguistic-communication/patience/highly-patient/highly-patient-chat,chat,single-attribute,Linguistic,1
single-attribute/linguistic-communication/patience/highly-patient/highly-patient-web,web,single-attribute,Linguistic,1
single-attribute/linguistic-communication/perfectionism/very-high/perfectionist-app,app,single-attribute,Linguistic,1
single-attribute/linguistic-communication/perfectionism/very-high/perfectionist-chat,chat,single-attribute,Linguistic,1
single-attribute/linguistic-communication/perfectionism/very-high/perfectionist-web,web,single-attribute,Linguistic,1
single-attribute/linguistic-communication/skepticism/highly-skeptical/highly-skeptical-chat,chat,single-attribute,Linguistic,1
single-attribute/linguistic-communication/skepticism/highly-skeptical/highly-skeptical-web,web,single-attribute,Linguistic,1
single-attribute/linguistic-communication/verbosity/terse/terse-app,app,single-attribute,Linguistic,1
single-attribute/linguistic-communication/verbosity/terse/terse-chat,chat,single-attribute,Linguistic,1
single-attribute/linguistic-communication/visual-vs-verbal-thinking/strongly-visual/strongly-visual-app,app,single-attribute,Linguistic,1
single-attribute/linguistic-communication/visual-vs-verbal-thinking/strongly-visual/strongly-visual-chat,chat,single-attribute,Linguistic,1
single-attribute/linguistic-communication/visual-vs-verbal-thinking/strongly-visual/strongly-visual-survey,survey,single-attribute,Linguistic,1
single-attribute/linguistic-communication/visual-vs-verbal-thinking/strongly-visual/strongly-visual-web,web,single-attribute,Linguistic,1
single-attribute/linguistic-language/english-proficiency/none/noenglish-app,app,single-attribute,Linguistic,1
single-attribute/linguistic-language/english-proficiency/none/noenglish-chat,chat,single-attribute,Linguistic,1
single-attribute/linguistic-language/english-proficiency/none/noenglish-survey,survey,single-attribute,Linguistic,1
single-attribute/linguistic-language/english-proficiency/none/noenglish-web,web,single-attribute,Linguistic,1
single-attribute/linguistic-language/german/no-german/no-german-chat,chat,single-attribute,Linguistic,1
single-attribute/linguistic-language/german/no-german/no-german-survey,survey,single-attribute,Linguistic,1
single-attribute/linguistic-language/german/no-german/no-german-web,web,single-attribute,Linguistic,1
single-attribute/linguistic-language/hindi/hindi-speaker/hindi-speaker-chat,chat,single-attribute,Linguistic,1
single-attribute/linguistic-language/hindi/hindi-speaker/hindi-speaker-survey,survey,single-attribute,Linguistic,1
single-attribute/linguistic-language/hindi/hindi-speaker/hindi-speaker-web,web,single-attribute,Linguistic,1
single-attribute/linguistic-language/mandarin/mandarin-speaker/mandarin-speaker-chat,chat,single-attribute,Linguistic,1
single-attribute/linguistic-language/mandarin/mandarin-speaker/mandarin-speaker-survey,survey,single-attribute,Linguistic,1
single-attribute/linguistic-language/mandarin/mandarin-speaker/mandarin-speaker-web,web,single-attribute,Linguistic,1
single-attribute/linguistic-language/primary-language/arabic/neighborhood-visitor-reading-packet-web,web,single-attribute,Linguistic,1
single-attribute/personality-big-five/achievement-striving/high-achiever/high-achiever-app,app,single-attribute,Personality,1
single-attribute/personality-big-five/achievement-striving/high-achiever/high-achiever-chat,chat,single-attribute,Personality,1
single-attribute/personality-big-five/adventurousness/highly-adventurous/highly-adventurous-app,app,single-attribute,Personality,1
single-attribute/personality-big-five/adventurousness/highly-adventurous/highly-adventurous-chat,chat,single-attribute,Personality,1
single-attribute/personality-big-five/adventurousness/highly-adventurous/highly-adventurous-web,web,single-attribute,Personality,1
single-attribute/personality-big-five/aesthetic-sensitivity/eye-for-form/eye-for-form-app,app,single-attribute,Personality,1
single-attribute/personality-big-five/aesthetic-sensitivity/eye-for-form/eye-for-form-chat,chat,single-attribute,Personality,1
single-attribute/personality-big-five/aesthetic-sensitivity/eye-for-form/eye-for-form-survey,survey,single-attribute,Personality,1
single-attribute/personality-big-five/aesthetic-sensitivity/eye-for-form/eye-for-form-web,web,single-attribute,Personality,1
single-attribute/personality-big-five/artistic-interest/highly-artistic/highly-artistic-app,app,single-attribute,Personality,1
single-attribute/personality-big-five/artistic-interest/highly-artistic/highly-artistic-web,web,single-attribute,Personality,1
single-attribute/personality-big-five/assertiveness/speak-up/speak-up-app,app,single-attribute,Personality,1
single-attribute/personality-big-five/assertiveness/speak-up/speak-up-chat,chat,single-attribute,Personality,1
single-attribute/personality-big-five/assertiveness/speak-up/speak-up-survey,survey,single-attribute,Personality,1
single-attribute/personality-big-five/assertiveness/speak-up/speak-up-web,web,single-attribute,Personality,1
single-attribute/personality-big-five/dutifulness/highly-dutiful/highly-dutiful-chat,chat,single-attribute,Personality,1
single-attribute/personality-big-five/excitement-seeking/very-high/excitement-seeker-web,web,single-attribute,Personality,1
single-attribute/personality-big-five/friendliness/highly-friendly/highly-friendly-app,app,single-attribute,Personality,1
single-attribute/personality-big-five/friendliness/highly-friendly/highly-friendly-web,web,single-attribute,Personality,1
single-attribute/personality-big-five/gregariousness/highly-gregarious/highly-gregarious-app,app,single-attribute,Personality,1
single-attribute/personality-big-five/gregariousness/highly-gregarious/highly-gregarious-web,web,single-attribute,Personality,1
single-attribute/personality-big-five/gregariousness/small-table/small-table-app,app,single-attribute,Personality,1
single-attribute/personality-big-five/gregariousness/small-table/small-table-chat,chat,single-attribute,Personality,1
single-attribute/personality-big-five/gregariousness/small-table/small-table-survey,survey,single-attribute,Personality,1
single-attribute/personality-big-five/gregariousness/small-table/small-table-web,web,single-attribute,Personality,1
single-attribute/personality-big-five/imagination/highly-imaginative/highly-imaginative-app,app,single-attribute,Personality,1
single-attribute/personality-big-five/imagination/highly-imaginative/highly-imaginative-web,web,single-attribute,Personality,1
single-attribute/personality-big-five/immoderation/measured-plate/measured-plate-app,app,single-attribute,Personality,1
single-attribute/personality-big-five/immoderation/measured-plate/measured-plate-chat,chat,single-attribute,Personality,1
single-attribute/personality-big-five/immoderation/measured-plate/measured-plate-survey,survey,single-attribute,Personality,1
single-attribute/personality-big-five/immoderation/measured-plate/measured-plate-web,web,single-attribute,Personality,1
single-attribute/personality-big-five/modesty/bold-bio/bold-bio-app,app,single-attribute,Personality,1
single-attribute/personality-big-five/modesty/bold-bio/bold-bio-chat,chat,single-attribute,Personality,1
single-attribute/personality-big-five/modesty/bold-bio/bold-bio-survey,survey,single-attribute,Personality,1
single-attribute/personality-big-five/modesty/bold-bio/bold-bio-web,web,single-attribute,Personality,1
single-attribute/personality-big-five/modesty/modest/quiet-bio/quiet-bio-app,app,single-attribute,Personality,1
single-attribute/personality-big-five/modesty/modest/quiet-bio/quiet-bio-chat,chat,single-attribute,Personality,1
single-attribute/personality-big-five/modesty/modest/quiet-bio/quiet-bio-survey,survey,single-attribute,Personality,1
single-attribute/personality-big-five/modesty/modest/quiet-bio/quiet-bio-web,web,single-attribute,Personality,1
single-attribute/personality-big-five/orderliness/highly-orderly/highly-orderly-app,app,single-attribute,Personality,1
single-attribute/personality-big-five/organization/loose-desk/loose-desk-app,app,single-attribute,Personality,1
single-attribute/personality-big-five/organization/loose-desk/loose-desk-chat,chat,single-attribute,Personality,1
single-attribute/personality-big-five/organization/loose-desk/loose-desk-survey,survey,single-attribute,Personality,1
single-attribute/personality-big-five/organization/loose-desk/loose-desk-web,web,single-attribute,Personality,1
single-attribute/personality-big-five/self-discipline/highly-disciplined/highly-disciplined-app,app,single-attribute,Personality,1
single-attribute/personality-big-five/trust/guarded/close-hand/close-hand-app,app,single-attribute,Personality,1
single-attribute/personality-big-five/trust/guarded/close-hand/close-hand-chat,chat,single-attribute,Personality,1
single-attribute/personality-big-five/trust/guarded/close-hand/close-hand-survey,survey,single-attribute,Personality,1
single-attribute/personality-big-five/trust/guarded/close-hand/close-hand-web,web,single-attribute,Personality,1
single-attribute/personality-big-five/trust/trusting/open-hand/open-hand-app,app,single-attribute,Personality,1
single-attribute/personality-big-five/trust/trusting/open-hand/open-hand-chat,chat,single-attribute,Personality,1
single-attribute/personality-big-five/trust/trusting/open-hand/open-hand-survey,survey,single-attribute,Personality,1
single-attribute/personality-big-five/trust/trusting/open-hand/open-hand-web,web,single-attribute,Personality,1
single-attribute/personality-character/bravery/signature-bravery/signature-bravery-app,app,single-attribute,Personality,1
single-attribute/personality-character/bravery/signature-bravery/signature-bravery-web,web,single-attribute,Personality,1
single-attribute/personality-character/gratitude/thank-you-first/thank-you-first-app,app,single-attribute,Personality,1
single-attribute/personality-character/gratitude/thank-you-first/thank-you-first-chat,chat,single-attribute,Personality,1
single-attribute/personality-character/gratitude/thank-you-first/thank-you-first-survey,survey,single-attribute,Personality,1
single-attribute/personality-character/gratitude/thank-you-first/thank-you-first-web,web,single-attribute,Personality,1
single-attribute/personality-character/kindness/signature-kindness/signature-kindness-app,app,single-attribute,Personality,1
single-attribute/personality-character/kindness/signature-kindness/signature-kindness-web,web,single-attribute,Personality,1
single-attribute/personality-character/love-of-learning/signature-learning/signature-learning-app,app,single-attribute,Personality,1
single-attribute/personality-character/love-of-learning/signature-learning/signature-learning-chat,chat,single-attribute,Personality,1
single-attribute/personality-character/love-of-learning/signature-learning/signature-learning-web,web,single-attribute,Personality,1
single-attribute/personality-character/open-mindedness/signature/signature-chat,chat,single-attribute,Personality,1
single-attribute/personality-character/perseverance/signature-perseverance/signature-perseverance-chat,chat,single-attribute,Personality,1
single-attribute/personality-character/teamwork/signature-teamwork/signature-teamwork-app,app,single-attribute,Personality,1
single-attribute/personality-character/teamwork/signature-teamwork/signature-teamwork-web,web,single-attribute,Personality,1
single-attribute/personality-relationships/communion-warmth/highly-warm/highly-warm-app,app,single-attribute,Personality,1
single-attribute/personality-relationships/communion-warmth/highly-warm/highly-warm-chat,chat,single-attribute,Personality,1
single-attribute/personality-relationships/communion-warmth/highly-warm/highly-warm-web,web,single-attribute,Personality,1
single-attribute/professional-industry/company-size/solo-freelance/solo-app,app,single-attribute,Professional,1
single-attribute/professional-industry/company-size/solo-freelance/solo-chat,chat,single-attribute,Professional,1
single-attribute/professional-industry/company-size/solo-freelance/solo-survey,survey,single-attribute,Professional,1
single-attribute/professional-industry/company-size/solo-freelance/solo-web,web,single-attribute,Professional,1
single-attribute/risk-and-decision/decision-style/analytical/analytical-app,app,single-attribute,Risk & decision,1
single-attribute/risk-and-decision/decision-style/analytical/analytical-chat,chat,single-attribute,Risk & decision,1
single-attribute/risk-and-decision/decision-style/analytical/analytical-survey,survey,single-attribute,Risk & decision,1
single-attribute/risk-and-decision/decision-style/analytical/analytical-web,web,single-attribute,Risk & decision,1
single-attribute/risk-and-decision/dospert-ethical-risk-tolerance/high/adventuregear-web,web,single-attribute,Risk & decision,1
single-attribute/risk-and-decision/dospert-ethical-risk-tolerance/very-low/very-low-chat,chat,single-attribute,Risk & decision,1
single-attribute/risk-and-decision/financial-risk-tolerance/low/financially-cautious-app,app,single-attribute,Risk & decision,1
single-attribute/risk-and-decision/financial-risk-tolerance/low/financially-cautious-web,web,single-attribute,Risk & decision,1
single-attribute/risk-and-decision/need-for-closure/closure-high/closure-high-app,app,single-attribute,Risk & decision,1
single-attribute/risk-and-decision/need-for-closure/closure-high/closure-high-chat,chat,single-attribute,Risk & decision,1
single-attribute/risk-and-decision/need-for-closure/closure-high/closure-high-survey,survey,single-attribute,Risk & decision,1
single-attribute/risk-and-decision/need-for-closure/closure-high/closure-high-web,web,single-attribute,Risk & decision,1
single-attribute/risk-and-decision/need-for-closure/closure-low/closure-low-app,app,single-attribute,Risk & decision,1
single-attribute/risk-and-decision/need-for-closure/closure-low/closure-low-chat,chat,single-attribute,Risk & decision,1
single-attribute/risk-and-decision/need-for-closure/closure-low/closure-low-survey,survey,single-attribute,Risk & decision,1
single-attribute/risk-and-decision/need-for-closure/closure-low/closure-low-web,web,single-attribute,Risk & decision,1
single-attribute/risk-and-decision/recreational-risk/thrill-seeker/thrill-seeker-app,app,single-attribute,Risk & decision,1
single-attribute/risk-and-decision/recreational-risk/thrill-seeker/thrill-seeker-chat,chat,single-attribute,Risk & decision,1
single-attribute/risk-and-decision/recreational-risk/thrill-seeker/thrill-seeker-survey,survey,single-attribute,Risk & decision,1
single-attribute/risk-and-decision/recreational-risk/thrill-seeker/thrill-seeker-web,web,single-attribute,Risk & decision,1
single-attribute/risk-and-decision/risk-tolerance/cautious/cautious-app,app,single-attribute,Risk & decision,1
single-attribute/risk-and-decision/risk-tolerance/cautious/cautious-chat,chat,single-attribute,Risk & decision,1
single-attribute/risk-and-decision/risk-tolerance/risk-seeking/risk-seeking-app,app,single-attribute,Risk & decision,1
single-attribute/risk-and-decision/risk-tolerance/risk-seeking/risk-seeking-chat,chat,single-attribute,Risk & decision,1
single-attribute/risk-and-decision/risk-tolerance/risk-seeking/risk-seeking-survey,survey,single-attribute,Risk & decision,1
single-attribute/risk-and-decision/risk-tolerance/risk-seeking/risk-seeking-web,web,single-attribute,Risk & decision,1
single-attribute/risk-and-decision/risk-tolerance/risk-tolerant/risk-tolerant-app,app,single-attribute,Risk & decision,1
single-attribute/risk-and-decision/risk-tolerance/risk-tolerant/risk-tolerant-chat,chat,single-attribute,Risk & decision,1
single-attribute/risk-and-decision/social-risk/low-social-risk/low-social-risk-app,app,single-attribute,Risk & decision,1
single-attribute/risk-and-decision/social-risk/low-social-risk/low-social-risk-chat,chat,single-attribute,Risk & decision,1
single-attribute/risk-and-decision/social-risk/low-social-risk/low-social-risk-survey,survey,single-attribute,Risk & decision,1
single-attribute/risk-and-decision/social-risk/low-social-risk/low-social-risk-web,web,single-attribute,Risk & decision,1
single-attribute/skills-programming/code-dependencies-approach/prefer-custom-implementations/prefer-custom-implementations-app,app,single-attribute,Skills,1
single-attribute/skills-programming/code-dependencies-approach/prefer-custom-implementations/prefer-custom-implementations-chat,chat,single-attribute,Skills,1
single-attribute/skills-programming/code-dependencies-approach/prefer-custom-implementations/prefer-custom-implementations-survey,survey,single-attribute,Skills,1
single-attribute/skills-programming/code-dependencies-approach/prefer-custom-implementations/prefer-custom-implementations-web,web,single-attribute,Skills,1
single-attribute/skills-programming/javascript/javascript-expert/javascript-expert-chat,chat,single-attribute,Skills,1
single-attribute/skills-programming/javascript/javascript-expert/javascript-expert-survey,survey,single-attribute,Skills,1
single-attribute/skills-programming/javascript/javascript-expert/javascript-expert-web,web,single-attribute,Skills,1
single-attribute/skills-programming/matlab/no-matlab/no-matlab-chat,chat,single-attribute,Skills,1
single-attribute/skills-programming/matlab/no-matlab/no-matlab-web,web,single-attribute,Skills,1
single-attribute/skills-programming/r/no-r/no-r-chat,chat,single-attribute,Skills,1
single-attribute/skills-programming/r/no-r/no-r-survey,survey,single-attribute,Skills,1
single-attribute/skills-programming/r/no-r/no-r-web,web,single-attribute,Skills,1
single-attribute/skills-programming/rust/no-rust/no-rust-chat,chat,single-attribute,Skills,1
single-attribute/skills-programming/rust/no-rust/no-rust-survey,survey,single-attribute,Skills,1
single-attribute/skills-programming/rust/no-rust/no-rust-web,web,single-attribute,Skills,1
single-attribute/skills-programming/sql/sql-expert/sql-expert-chat,chat,single-attribute,Skills,1
single-attribute/skills-programming/sql/sql-expert/sql-expert-survey,survey,single-attribute,Skills,1
single-attribute/skills-programming/sql/sql-expert/sql-expert-web,web,single-attribute,Skills,1
single-attribute/values-and-motivation/adventure/adventure-core/adventure-core-app,app,single-attribute,Values & motivation,1
single-attribute/values-and-motivation/adventure/adventure-core/adventure-core-web,web,single-attribute,Values & motivation,1
single-attribute/values-and-motivation/beauty-aesthetics/core-value/aesthete-app,app,single-attribute,Values & motivation,1
single-attribute/values-and-motivation/beauty-aesthetics/core-value/aesthete-web,web,single-attribute,Values & motivation,1
single-attribute/values-and-motivation/career-success/career-core/career-core-app,app,single-attribute,Values & motivation,1
single-attribute/values-and-motivation/career-success/career-core/career-core-chat,chat,single-attribute,Values & motivation,1
single-attribute/values-and-motivation/career-success/career-core/career-core-web,web,single-attribute,Values & motivation,1
single-attribute/values-and-motivation/community/community-core/community-core-app,app,single-attribute,Values & motivation,1
single-attribute/values-and-motivation/community/community-core/community-core-chat,chat,single-attribute,Values & motivation,1
single-attribute/values-and-motivation/community/community-core/community-core-web,web,single-attribute,Values & motivation,1
single-attribute/values-and-motivation/core-value/security/security-app,app,single-attribute,Values & motivation,1
single-attribute/values-and-motivation/core-value/security/security-chat,chat,single-attribute,Values & motivation,1
single-attribute/values-and-motivation/core-value/security/security-web,web,single-attribute,Values & motivation,1
single-attribute/values-and-motivation/economic-motivation/cost-sensitive/cost-sensitive-app,app,single-attribute,Values & motivation,1
single-attribute/values-and-motivation/economic-motivation/cost-sensitive/cost-sensitive-chat,chat,single-attribute,Values & motivation,1
single-attribute/values-and-motivation/economic-motivation/cost-sensitive/cost-sensitive-survey,survey,single-attribute,Values & motivation,1
single-attribute/values-and-motivation/economic-motivation/cost-sensitive/cost-sensitive-web,web,single-attribute,Values & motivation,1
single-attribute/values-and-motivation/economic-motivation/premium-seeking/premium-seeking-app,app,single-attribute,Values & motivation,1
single-attribute/values-and-motivation/economic-motivation/premium-seeking/premium-seeking-chat,chat,single-attribute,Values & motivation,1
single-attribute/values-and-motivation/economic-motivation/premium-seeking/premium-seeking-web,web,single-attribute,Values & motivation,1
single-attribute/values-and-motivation/fun-enjoyment/core-value/fun-seeker-app,app,single-attribute,Values & motivation,1
single-attribute/values-and-motivation/fun-enjoyment/core-value/fun-seeker-chat,chat,single-attribute,Values & motivation,1
single-attribute/values-and-motivation/fun-enjoyment/core-value/fun-seeker-web,web,single-attribute,Values & motivation,1
single-attribute/values-and-motivation/helping-others/helping-core/helping-core-app,app,single-attribute,Values & motivation,1
single-attribute/values-and-motivation/helping-others/helping-core/helping-core-chat,chat,single-attribute,Values & motivation,1
single-attribute/values-and-motivation/helping-others/helping-core/helping-core-web,web,single-attribute,Values & motivation,1
single-attribute/values-and-motivation/integrity/integrity-core/integrity-core-app,app,single-attribute,Values & motivation,1
single-attribute/values-and-motivation/integrity/integrity-core/integrity-core-chat,chat,single-attribute,Values & motivation,1
single-attribute/values-and-motivation/integrity/integrity-core/integrity-core-web,web,single-attribute,Values & motivation,1
single-attribute/values-and-motivation/justice-fairness/core-value/justice-valuer-app,app,single-attribute,Values & motivation,1
single-attribute/values-and-motivation/justice-fairness/core-value/justice-valuer-chat,chat,single-attribute,Values & motivation,1
single-attribute/values-and-motivation/justice-fairness/core-value/justice-valuer-web,web,single-attribute,Values & motivation,1
single-attribute/values-and-motivation/loyalty/loyalty-core/loyalty-core-app,app,single-attribute,Values & motivation,1
single-attribute/values-and-motivation/loyalty/loyalty-core/loyalty-core-chat,chat,single-attribute,Values & motivation,1
single-attribute/values-and-motivation/loyalty/loyalty-core/loyalty-core-web,web,single-attribute,Values & motivation,1
single-attribute/values-and-motivation/order-structure/core-value/core-value-survey,survey,single-attribute,Values & motivation,1
single-attribute/values-and-motivation/personal-freedom/core-value/freedom-valuer-app,app,single-attribute,Values & motivation,1
single-attribute/values-and-motivation/personal-freedom/core-value/freedom-valuer-chat,chat,single-attribute,Values & motivation,1
single-attribute/values-and-motivation/personal-freedom/core-value/freedom-valuer-web,web,single-attribute,Values & motivation,1
single-attribute/values-and-motivation/personal-growth/growth-core/growth-core-app,app,single-attribute,Values & motivation,1
single-attribute/values-and-motivation/personal-growth/growth-core/growth-core-chat,chat,single-attribute,Values & motivation,1
single-attribute/values-and-motivation/personal-growth/growth-core/growth-core-web,web,single-attribute,Values & motivation,1
single-attribute/values-and-motivation/privacy/core-value/core-value-survey,survey,single-attribute,Values & motivation,1
single-attribute/values-and-motivation/recognition/recognition-core/recognition-core-chat,chat,single-attribute,Values & motivation,1
single-attribute/values-and-motivation/schwartz-benevolence/very-high/very-high-chat,chat,single-attribute,Values & motivation,1
single-attribute/values-and-motivation/schwartz-universalism/very-low/very-low-chat,chat,single-attribute,Values & motivation,1
single-attribute/values-and-motivation/sustainability/core-value/eco-app,app,single-attribute,Values & motivation,1
single-attribute/values-and-motivation/sustainability/core-value/eco-chat,chat,single-attribute,Values & motivation,1
single-attribute/values-and-motivation/sustainability/core-value/eco-survey,survey,single-attribute,Values & motivation,1
single-attribute/values-and-motivation/sustainability/core-value/eco-web,web,single-attribute,Values & motivation,1
single-attribute/values-and-motivation/value-health/core-value/health-valuer-app,app,single-attribute,Values & motivation,1
single-attribute/values-and-motivation/value-health/core-value/health-valuer-chat,chat,single-attribute,Values & motivation,1
single-attribute/values-and-motivation/value-health/core-value/health-valuer-web,web,single-attribute,Values & motivation,1
single-attribute/values-and-motivation/wealth/wealth-core/wealth-core-app,app,single-attribute,Values & motivation,1
single-attribute/values-and-motivation/wealth/wealth-core/wealth-core-chat,chat,single-attribute,Values & motivation,1
single-attribute/values-and-motivation/wealth/wealth-core/wealth-core-web,web,single-attribute,Values & motivation,1
single-attribute/values-motivation/achievement/achievement-core/achievement-core-app,app,single-attribute,Values & motivation,1
single-attribute/values-motivation/achievement/achievement-core/achievement-core-chat,chat,single-attribute,Values & motivation,1
single-attribute/values-motivation/achievement/achievement-core/achievement-core-survey,survey,single-attribute,Values & motivation,1
single-attribute/values-motivation/achievement/achievement-core/achievement-core-web,web,single-attribute,Values & motivation,1
single-attribute/values-motivation/community/local-ties/local-ties-app,app,single-attribute,Values & motivation,1
single-attribute/values-motivation/community/local-ties/local-ties-chat,chat,single-attribute,Values & motivation,1
single-attribute/values-motivation/community/local-ties/local-ties-survey,survey,single-attribute,Values & motivation,1
single-attribute/values-motivation/community/local-ties/local-ties-web,web,single-attribute,Values & motivation,1
single-attribute/values-motivation/conformity/low-conformity/low-conformity-app,app,single-attribute,Values & motivation,1
single-attribute/values-motivation/conformity/low-conformity/low-conformity-chat,chat,single-attribute,Values & motivation,1
single-attribute/values-motivation/conformity/low-conformity/low-conformity-survey,survey,single-attribute,Values & motivation,1
single-attribute/values-motivation/conformity/low-conformity/low-conformity-web,web,single-attribute,Values & motivation,1
single-attribute/values-motivation/creativity/creativity-core/creativity-core-app,app,single-attribute,Values & motivation,1
single-attribute/values-motivation/creativity/creativity-core/creativity-core-chat,chat,single-attribute,Values & motivation,1
single-attribute/values-motivation/creativity/creativity-core/creativity-core-survey,survey,single-attribute,Values & motivation,1
single-attribute/values-motivation/creativity/creativity-core/creativity-core-web,web,single-attribute,Values & motivation,1
single-attribute/values-motivation/equality/fairness-important/fairness-important-app,app,single-attribute,Values & motivation,1
single-attribute/values-motivation/equality/fairness-important/fairness-important-chat,chat,single-attribute,Values & motivation,1
single-attribute/values-motivation/equality/fairness-important/fairness-important-survey,survey,single-attribute,Values & motivation,1
single-attribute/values-motivation/equality/fairness-important/fairness-important-web,web,single-attribute,Values & motivation,1
single-attribute/values-motivation/family/family-core/family-core-app,app,single-attribute,Values & motivation,1
single-attribute/values-motivation/family/family-core/family-core-chat,chat,single-attribute,Values & motivation,1
single-attribute/values-motivation/family/family-core/family-core-survey,survey,single-attribute,Values & motivation,1
single-attribute/values-motivation/family/family-core/family-core-web,web,single-attribute,Values & motivation,1
single-attribute/values-motivation/health/health-important/health-important-app,app,single-attribute,Values & motivation,1
single-attribute/values-motivation/health/health-important/health-important-chat,chat,single-attribute,Values & motivation,1
single-attribute/values-motivation/health/health-important/health-important-survey,survey,single-attribute,Values & motivation,1
single-attribute/values-motivation/health/health-important/health-important-web,web,single-attribute,Values & motivation,1
single-attribute/values-motivation/hedonism/low-hedonism/low-hedonism-app,app,single-attribute,Values & motivation,1
single-attribute/values-motivation/hedonism/low-hedonism/low-hedonism-chat,chat,single-attribute,Values & motivation,1
single-attribute/values-motivation/hedonism/low-hedonism/low-hedonism-survey,survey,single-attribute,Values & motivation,1
single-attribute/values-motivation/hedonism/low-hedonism/low-hedonism-web,web,single-attribute,Values & motivation,1
single-attribute/values-motivation/independence/independence-core/independence-core-app,app,single-attribute,Values & motivation,1
single-attribute/values-motivation/independence/independence-core/independence-core-chat,chat,single-attribute,Values & motivation,1
single-attribute/values-motivation/independence/independence-core/independence-core-survey,survey,single-attribute,Values & motivation,1
single-attribute/values-motivation/independence/independence-core/independence-core-web,web,single-attribute,Values & motivation,1
single-attribute/values-motivation/knowledge-truth/knowledge-core/knowledge-core-app,app,single-attribute,Values & motivation,1
single-attribute/values-motivation/knowledge-truth/knowledge-core/knowledge-core-chat,chat,single-attribute,Values & motivation,1
single-attribute/values-motivation/knowledge-truth/knowledge-core/knowledge-core-survey,survey,single-attribute,Values & motivation,1
single-attribute/values-motivation/knowledge-truth/knowledge-core/knowledge-core-web,web,single-attribute,Values & motivation,1
single-attribute/values-motivation/loyalty/usual-brand/usual-brand-app,app,single-attribute,Values & motivation,1
single-attribute/values-motivation/loyalty/usual-brand/usual-brand-chat,chat,single-attribute,Values & motivation,1
single-attribute/values-motivation/loyalty/usual-brand/usual-brand-survey,survey,single-attribute,Values & motivation,1
single-attribute/values-motivation/loyalty/usual-brand/usual-brand-web,web,single-attribute,Values & motivation,1
single-attribute/values-motivation/need-for-cognition/high-cognition/high-cognition-app,app,single-attribute,Values & motivation,1
single-attribute/values-motivation/need-for-cognition/high-cognition/high-cognition-chat,chat,single-attribute,Values & motivation,1
single-attribute/values-motivation/need-for-cognition/high-cognition/high-cognition-survey,survey,single-attribute,Values & motivation,1
single-attribute/values-motivation/need-for-cognition/high-cognition/high-cognition-web,web,single-attribute,Values & motivation,1
single-attribute/values-motivation/order-structure/order-important/order-important-app,app,single-attribute,Values & motivation,1
single-attribute/values-motivation/order-structure/order-important/order-important-chat,chat,single-attribute,Values & motivation,1
single-attribute/values-motivation/order-structure/order-important/order-important-survey,survey,single-attribute,Values & motivation,1
single-attribute/values-motivation/order-structure/order-important/order-important-web,web,single-attribute,Values & motivation,1
single-attribute/values-motivation/personal-growth/growth-first/growth-first-app,app,single-attribute,Values & motivation,1
single-attribute/values-motivation/personal-growth/growth-first/growth-first-chat,chat,single-attribute,Values & motivation,1
single-attribute/values-motivation/personal-growth/growth-first/growth-first-survey,survey,single-attribute,Values & motivation,1
single-attribute/values-motivation/personal-growth/growth-first/growth-first-web,web,single-attribute,Values & motivation,1
single-attribute/values-motivation/privacy/core-value/core-value-app,app,single-attribute,Values & motivation,1
single-attribute/values-motivation/privacy/core-value/core-value-chat,chat,single-attribute,Values & motivation,1
single-attribute/values-motivation/privacy/core-value/core-value-survey,survey,single-attribute,Values & motivation,1
single-attribute/values-motivation/privacy/core-value/core-value-web,web,single-attribute,Values & motivation,1
single-attribute/values-motivation/security-stability/security-core/security-core-app,app,single-attribute,Values & motivation,1
single-attribute/values-motivation/security-stability/security-core/security-core-chat,chat,single-attribute,Values & motivation,1
single-attribute/values-motivation/security-stability/security-core/security-core-survey,survey,single-attribute,Values & motivation,1
single-attribute/values-motivation/security-stability/security-core/security-core-web,web,single-attribute,Values & motivation,1
single-attribute/values-motivation/spirituality-faith/faith-first/faith-first-app,app,single-attribute,Values & motivation,1
single-attribute/values-motivation/spirituality-faith/faith-first/faith-first-chat,chat,single-attribute,Values & motivation,1
single-attribute/values-motivation/spirituality-faith/faith-first/faith-first-survey,survey,single-attribute,Values & motivation,1
single-attribute/values-motivation/spirituality-faith/faith-first/faith-first-web,web,single-attribute,Values & motivation,1
single-attribute/values-motivation/spirituality-faith/irrelevant/sunday-off/sunday-off-app,app,single-attribute,Values & motivation,1
single-attribute/values-motivation/spirituality-faith/irrelevant/sunday-off/sunday-off-chat,chat,single-attribute,Values & motivation,1
single-attribute/values-motivation/spirituality-faith/irrelevant/sunday-off/sunday-off-survey,survey,single-attribute,Values & motivation,1
single-attribute/values-motivation/spirituality-faith/irrelevant/sunday-off/sunday-off-web,web,single-attribute,Values & motivation,1
single-attribute/values-motivation/stimulation/low-stimulation/low-stimulation-app,app,single-attribute,Values & motivation,1
single-attribute/values-motivation/stimulation/low-stimulation/low-stimulation-chat,chat,single-attribute,Values & motivation,1
single-attribute/values-motivation/stimulation/low-stimulation/low-stimulation-survey,survey,single-attribute,Values & motivation,1
single-attribute/values-motivation/stimulation/low-stimulation/low-stimulation-web,web,single-attribute,Values & motivation,1
single-attribute/values-motivation/sustainability/important/important-app,app,single-attribute,Values & motivation,1
single-attribute/values-motivation/sustainability/important/important-chat,chat,single-attribute,Values & motivation,1
single-attribute/values-motivation/sustainability/important/important-survey,survey,single-attribute,Values & motivation,1
single-attribute/values-motivation/sustainability/important/important-web,web,single-attribute,Values & motivation,1
single-attribute/values-motivation/tradition/own-way/own-way-app,app,single-attribute,Values & motivation,1
single-attribute/values-motivation/tradition/own-way/own-way-chat,chat,single-attribute,Values & motivation,1
single-attribute/values-motivation/tradition/own-way/own-way-survey,survey,single-attribute,Values & motivation,1
single-attribute/values-motivation/tradition/own-way/own-way-web,web,single-attribute,Values & motivation,1
single-attribute/values-motivation/tradition/tradition-important/tradition-important-app,app,single-attribute,Values & motivation,1
single-attribute/values-motivation/tradition/tradition-important/tradition-important-chat,chat,single-attribute,Values & motivation,1
single-attribute/values-motivation/tradition/tradition-important/tradition-important-survey,survey,single-attribute,Values & motivation,1
single-attribute/values-motivation/tradition/tradition-important/tradition-important-web,web,single-attribute,Values & motivation,1
single-attribute/worldview-beliefs/att-free-speech/skeptical/platformpick-web,web,single-attribute,Worldview & beliefs,1
single-attribute/worldview-beliefs/att-new-technology/skeptical/newsbundle-web,web,single-attribute,Worldview & beliefs,1
single-attribute/worldview-beliefs/att-privacy-vs-security/skeptical/rsvpnight-web,web,single-attribute,Worldview & beliefs,1
single-attribute/worldview-beliefs/att-renewable-energy/skeptical/outdoorsupply-web,web,single-attribute,Worldview & beliefs,1
single-attribute/worldview-beliefs/att-the-gig-economy/skeptical/handyhub-web,web,single-attribute,Worldview & beliefs,1
single-attribute/worldview-beliefs/attitude-ai/ai-skeptic/ai-skeptic-app,app,single-attribute,Worldview & beliefs,1
single-attribute/worldview-beliefs/attitude-ai/ai-skeptic/ai-skeptic-chat,chat,single-attribute,Worldview & beliefs,1
single-attribute/worldview-beliefs/attitude-ai/ai-skeptic/ai-skeptic-web,web,single-attribute,Worldview & beliefs,1
single-attribute/worldview-beliefs/attitude-ai/enthusiast/ai-optimist-app,app,single-attribute,Worldview & beliefs,1
single-attribute/worldview-beliefs/attitude-ai/enthusiast/ai-optimist-web,web,single-attribute,Worldview & beliefs,1
single-attribute/worldview-beliefs/attitude-automation/automation-enthusiast/automation-enthusiast-app,app,single-attribute,Worldview & beliefs,1
single-attribute/worldview-beliefs/attitude-automation/automation-enthusiast/automation-enthusiast-web,web,single-attribute,Worldview & beliefs,1
single-attribute/worldview-beliefs/attitude-brand-loyalty/enthusiast/brand-loyal-app,app,single-attribute,Worldview & beliefs,1
single-attribute/worldview-beliefs/attitude-brand-loyalty/enthusiast/brand-loyal-web,web,single-attribute,Worldview & beliefs,1
single-attribute/worldview-beliefs/attitude-climate-action/enthusiast/climate-advocate-app,app,single-attribute,Worldview & beliefs,1
single-attribute/worldview-beliefs/attitude-climate-action/enthusiast/climate-advocate-web,web,single-attribute,Worldview & beliefs,1
single-attribute/worldview-beliefs/attitude-consumerism/skeptical/anti-consumerist-app,app,single-attribute,Worldview & beliefs,1
single-attribute/worldview-beliefs/attitude-consumerism/skeptical/anti-consumerist-chat,chat,single-attribute,Worldview & beliefs,1
single-attribute/worldview-beliefs/attitude-consumerism/skeptical/anti-consumerist-web,web,single-attribute,Worldview & beliefs,1
single-attribute/worldview-beliefs/attitude-electric-vehicles/enthusiast/ev-enthusiast-app,app,single-attribute,Worldview & beliefs,1
single-attribute/worldview-beliefs/attitude-electric-vehicles/enthusiast/ev-enthusiast-chat,chat,single-attribute,Worldview & beliefs,1
single-attribute/worldview-beliefs/attitude-electric-vehicles/enthusiast/ev-enthusiast-web,web,single-attribute,Worldview & beliefs,1
single-attribute/worldview-beliefs/attitude-free-markets/enthusiast/freemarket-believer-app,app,single-attribute,Worldview & beliefs,1
single-attribute/worldview-beliefs/attitude-free-markets/enthusiast/freemarket-believer-web,web,single-attribute,Worldview & beliefs,1
single-attribute/worldview-beliefs/attitude-influencers/influencer-skeptic/influencer-skeptic-app,app,single-attribute,Worldview & beliefs,1
single-attribute/worldview-beliefs/attitude-influencers/influencer-skeptic/influencer-skeptic-chat,chat,single-attribute,Worldview & beliefs,1
single-attribute/worldview-beliefs/attitude-influencers/influencer-skeptic/influencer-skeptic-web,web,single-attribute,Worldview & beliefs,1
single-attribute/worldview-beliefs/attitude-minimalism/enthusiast/minimalist-app,app,single-attribute,Worldview & beliefs,1
single-attribute/worldview-beliefs/attitude-minimalism/enthusiast/minimalist-chat,chat,single-attribute,Worldview & beliefs,1
single-attribute/worldview-beliefs/attitude-minimalism/enthusiast/minimalist-survey,survey,single-attribute,Worldview & beliefs,1
single-attribute/worldview-beliefs/attitude-minimalism/enthusiast/minimalist-web,web,single-attribute,Worldview & beliefs,1
single-attribute/worldview-beliefs/attitude-new-technology/enthusiast/tech-adopter-app,app,single-attribute,Worldview & beliefs,1
single-attribute/worldview-beliefs/attitude-new-technology/enthusiast/tech-adopter-chat,chat,single-attribute,Worldview & beliefs,1
single-attribute/worldview-beliefs/attitude-open-source/open-source-fan/open-source-fan-app,app,single-attribute,Worldview & beliefs,1
single-attribute/worldview-beliefs/attitude-open-source/open-source-fan/open-source-fan-chat,chat,single-attribute,Worldview & beliefs,1
single-attribute/worldview-beliefs/attitude-open-source/open-source-fan/open-source-fan-web,web,single-attribute,Worldview & beliefs,1
single-attribute/worldview-beliefs/attitude-renewable-energy/renewable-enthusiast/renewable-enthusiast-app,app,single-attribute,Worldview & beliefs,1
single-attribute/worldview-beliefs/attitude-renewable-energy/renewable-enthusiast/renewable-enthusiast-chat,chat,single-attribute,Worldview & beliefs,1
single-attribute/worldview-beliefs/attitude-renewable-energy/renewable-enthusiast/renewable-enthusiast-web,web,single-attribute,Worldview & beliefs,1
single-attribute/worldview-beliefs/attitude-self-driving-cars/opposed/driverless-opposed-app,app,single-attribute,Worldview & beliefs,1
single-attribute/worldview-beliefs/attitude-self-driving-cars/opposed/driverless-opposed-survey,survey,single-attribute,Worldview & beliefs,1
single-attribute/worldview-beliefs/attitude-self-driving-cars/opposed/driverless-opposed-web,web,single-attribute,Worldview & beliefs,1
single-attribute/worldview-beliefs/attitude-self-driving/self-driving-enthusiast/self-driving-enthusiast-chat,chat,single-attribute,Worldview & beliefs,1
single-attribute/worldview-beliefs/attitude-self-driving/self-driving-enthusiast/self-driving-enthusiast-survey,survey,single-attribute,Worldview & beliefs,1
single-attribute/worldview-beliefs/attitude-self-driving/self-driving-enthusiast/self-driving-enthusiast-web,web,single-attribute,Worldview & beliefs,1
single-attribute/worldview-beliefs/attitude-social-media/skeptical/social-media-skeptic-app,app,single-attribute,Worldview & beliefs,1
single-attribute/worldview-beliefs/attitude-social-media/skeptical/social-media-skeptic-chat,chat,single-attribute,Worldview & beliefs,1
single-attribute/worldview-beliefs/attitude-social-media/skeptical/social-media-skeptic-web,web,single-attribute,Worldview & beliefs,1
single-attribute/worldview-beliefs/attitude-subscription-services/opposed/opposed-app,app,single-attribute,Worldview & beliefs,1
single-attribute/worldview-beliefs/attitude-subscription-services/opposed/opposed-survey,survey,single-attribute,Worldview & beliefs,1
single-attribute/worldview-beliefs/attitude-subscription-services/opposed/opposed-web,web,single-attribute,Worldview & beliefs,1
single-attribute/worldview-beliefs/attitude-taking-on-debt/opposed/debt-averse-app,app,single-attribute,Worldview & beliefs,1
single-attribute/worldview-beliefs/attitude-taking-on-debt/opposed/debt-averse-survey,survey,single-attribute,Worldview & beliefs,1
single-attribute/worldview-beliefs/attitude-taking-on-debt/opposed/debt-averse-web,web,single-attribute,Worldview & beliefs,1
single-attribute/worldview-beliefs/attitude-urban-density/positive/urban-dweller-app,app,single-attribute,Worldview & beliefs,1
single-attribute/worldview-beliefs/attitude-urban-density/positive/urban-dweller-chat,chat,single-attribute,Worldview & beliefs,1
single-attribute/worldview-beliefs/attitude-urban-density/positive/urban-dweller-survey,survey,single-attribute,Worldview & beliefs,1
single-attribute/worldview-beliefs/attitude-urban-density/positive/urban-dweller-web,web,single-attribute,Worldview & beliefs,1
single-attribute/worldview-beliefs/attitude-working-from-office/opposed/remote-work-chat,chat,single-attribute,Worldview & beliefs,1
single-attribute/worldview-beliefs/dospert-health-safety-risk-tolerance/very-high/very-high-chat,chat,single-attribute,Worldview & beliefs,1
single-attribute/worldview-beliefs/mft-care-harm/very-high/charitymarket-web,web,single-attribute,Worldview & beliefs,1
single-attribute/worldview-beliefs/mft-liberty-oppression/high/petitiondrive-web,web,single-attribute,Worldview & beliefs,1
single-attribute/worldview-beliefs/mft-loyalty-betrayal/high/fanclub-web,web,single-attribute,Worldview & beliefs,1
single-attribute/worldview-beliefs/mft-sanctity-degradation/high/cleanbeauty-web,web,single-attribute,Worldview & beliefs,1
single-attribute/worldview-beliefs/rapid-change/proven-first/proven-first-app,app,single-attribute,Worldview & beliefs,1
single-attribute/worldview-beliefs/rapid-change/proven-first/proven-first-chat,chat,single-attribute,Worldview & beliefs,1
single-attribute/worldview-beliefs/rapid-change/proven-first/proven-first-survey,survey,single-attribute,Worldview & beliefs,1
single-attribute/worldview-beliefs/rapid-change/proven-first/proven-first-web,web,single-attribute,Worldview & beliefs,1
single-attribute/worldview-beliefs/trust-level/skeptical/skeptical-verifier-app,app,single-attribute,Worldview & beliefs,1
single-attribute/worldview-beliefs/trust-level/skeptical/skeptical-verifier-chat,chat,single-attribute,Worldview & beliefs,1
single-attribute/worldview-beliefs/trust-level/skeptical/skeptical-verifier-web,web,single-attribute,Worldview & beliefs,1
single-attribute/worldview-beliefs/vaccines/opposed/vaccines-opposed-app,app,single-attribute,Worldview & beliefs,1
single-attribute/worldview-beliefs/vaccines/opposed/vaccines-opposed-chat,chat,single-attribute,Worldview & beliefs,1
single-attribute/worldview-beliefs/vaccines/opposed/vaccines-opposed-survey,survey,single-attribute,Worldview & beliefs,1
single-attribute/worldview-beliefs/vaccines/opposed/vaccines-opposed-web,web,single-attribute,Worldview & beliefs,1
